--
-- File generated with SQLiteStudio v3.1.1 on Thu Feb 9 22:41:02 2017
--
-- Text encoding used: UTF-8
--
PRAGMA foreign_keys = off;
BEGIN TRANSACTION;

-- Table: badges
CREATE TABLE badges (id INTEGER NOT NULL UNIQUE, first TEXT NOT NULL, last TEXT NOT NULL, filename TEXT, configId INTEGER, title TEXT, PRIMARY KEY (id));
INSERT INTO badges (id, first, last, filename, configId, title) VALUES (1, 'beth', 'wilson', 'IMG_4770.jpg', 1, NULL);
INSERT INTO badges (id, first, last, filename, configId, title) VALUES (2, 'sarah', 'hamaia', 'IMG_4779.jpg', 1, NULL);
INSERT INTO badges (id, first, last, filename, configId, title) VALUES (3, 'ann', 'ding', 'IMG_4780.jpg', 1, NULL);
INSERT INTO badges (id, first, last, filename, configId, title) VALUES (4, 'alison', 'brock', 'IMG_4781.jpg', 1, NULL);
INSERT INTO badges (id, first, last, filename, configId, title) VALUES (5, 'alfie', 'whyatt', 'IMG_4789.jpg', 1, NULL);
INSERT INTO badges (id, first, last, filename, configId, title) VALUES (6, 'sophie', 'wilkinson', 'IMG_4791.jpg', 1, NULL);
INSERT INTO badges (id, first, last, filename, configId, title) VALUES (7, 'daniel', 'stone', 'IMG_4792.jpg', 1, NULL);
INSERT INTO badges (id, first, last, filename, configId, title) VALUES (8, 'heather', 'dickerson', 'IMG_4799.jpg', 1, NULL);
INSERT INTO badges (id, first, last, filename, configId, title) VALUES (9, 'trudy', 'reid', 'IMG_4794.jpg', 1, NULL);
INSERT INTO badges (id, first, last, filename, configId, title) VALUES (10, 'greg', 'reid', 'IMG_4796.jpg', 1, NULL);
INSERT INTO badges (id, first, last, filename, configId, title) VALUES (11, 'callum', 'dickerson', 'IMG_4816.jpg', 1, NULL);
INSERT INTO badges (id, first, last, filename, configId, title) VALUES (12, 'erica', 'scott', 'IMG_4814.jpg', 1, NULL);
INSERT INTO badges (id, first, last, filename, configId, title) VALUES (13, 'andy', 'staplehurst', 'IMG_4804.jpg', 1, NULL);
INSERT INTO badges (id, first, last, filename, configId, title) VALUES (14, 'steve', 'whyatt', 'IMG_4803.jpg', 1, NULL);
INSERT INTO badges (id, first, last, filename, configId, title) VALUES (15, 'jonny', 'staplehurst', 'IMG_4802.jpg', 1, NULL);
INSERT INTO badges (id, first, last, filename, configId, title) VALUES (16, 'tim', 'north', 'IMG_4801.jpg', 1, NULL);
INSERT INTO badges (id, first, last, filename, configId, title) VALUES (17, 'becky', 'dear', 'IMG_4773.jpg', 1, NULL);
INSERT INTO badges (id, first, last, filename, configId, title) VALUES (18, 'daniel', 'rowland', 'IMG_4817.jpg', 1, NULL);
INSERT INTO badges (id, first, last, filename, configId, title) VALUES (19, 'alice', 'bates', 'IMG_4820.jpg', 1, NULL);
INSERT INTO badges (id, first, last, filename, configId, title) VALUES (20, 'paul', 'johnson', 'IMG_4776.jpg', 1, NULL);
INSERT INTO badges (id, first, last, filename, configId, title) VALUES (21, 'emily', 'staplehurst', 'IMG_4823.jpg', 1, NULL);
INSERT INTO badges (id, first, last, filename, configId, title) VALUES (22, 'lara', 'hagger', 'IMG_4825.jpg', 1, NULL);
INSERT INTO badges (id, first, last, filename, configId, title) VALUES (23, 'ben', 'rowland', 'IMG_4831.jpg', 1, NULL);
INSERT INTO badges (id, first, last, filename, configId, title) VALUES (24, 'susan', 'meah', 'IMG_4771.jpg', 1, NULL);
INSERT INTO badges (id, first, last, filename, configId, title) VALUES (25, 'lynn', 'hawkins', 'IMG_4778.jpg', 1, NULL);
INSERT INTO badges (id, first, last, filename, configId, title) VALUES (26, 'mark', 'ashton', 'IMG_4835.jpg', 1, NULL);
INSERT INTO badges (id, first, last, filename, configId, title) VALUES (27, 'eliane', 'hamaia', 'IMG_4782.jpg', 1, NULL);
INSERT INTO badges (id, first, last, filename, configId, title) VALUES (28, 'ruth', 'barry', 'IMG_4839.jpg', 1, NULL);
INSERT INTO badges (id, first, last, filename, configId, title) VALUES (29, 'abbie', 'philips', 'IMG_4822.jpg', 1, NULL);
INSERT INTO badges (id, first, last, filename, configId, title) VALUES (30, 'adam', 'may', 'IMG_4842.jpg', 1, NULL);
INSERT INTO badges (id, first, last, filename, configId, title) VALUES (31, 'felix', 'osborne', 'IMG_4833.jpg', 1, NULL);
INSERT INTO badges (id, first, last, filename, configId, title) VALUES (32, 'jenny', 'reed', 'IMG_4845.jpg', 1, NULL);
INSERT INTO badges (id, first, last, filename, configId, title) VALUES (33, 'olivia', 'durrant', 'IMG_4841.jpg', 1, NULL);
INSERT INTO badges (id, first, last, filename, configId, title) VALUES (34, 'rowan', 'braam', 'IMG_4785.jpg', 1, NULL);
INSERT INTO badges (id, first, last, filename, configId, title) VALUES (35, 'rachel', 'owen', 'IMG_4830.jpg', 1, NULL);
INSERT INTO badges (id, first, last, filename, configId, title) VALUES (36, 'caroline', 'north', 'IMG_4800.jpg', 1, NULL);
INSERT INTO badges (id, first, last, filename, configId, title) VALUES (37, 'ellen', 'whyatt', 'IMG_4829.jpg', 1, NULL);
INSERT INTO badges (id, first, last, filename, configId, title) VALUES (38, 'grey', 'wu', 'IMG_4769.jpg', 1, NULL);
INSERT INTO badges (id, first, last, filename, configId, title) VALUES (39, 'julia', 'stone', 'IMG_4846.jpg', 1, NULL);
INSERT INTO badges (id, first, last, filename, configId, title) VALUES (40, 'julia', 'au', 'IMG_4837.jpg', 1, NULL);
INSERT INTO badges (id, first, last, filename, configId, title) VALUES (41, 'Millie', 'Durrant', NULL, 2, 'mexican tacos');
INSERT INTO badges (id, first, last, filename, configId, title) VALUES (42, 'Natasha', 'Burrows', NULL, 2, 'mexican tacos');
INSERT INTO badges (id, first, last, filename, configId, title) VALUES (43, 'William', 'Allen', NULL, 2, 'mexican tacos');
INSERT INTO badges (id, first, last, filename, configId, title) VALUES (44, 'Benny', 'Sam', NULL, 2, 'mexican tacos');
INSERT INTO badges (id, first, last, filename, configId, title) VALUES (45, 'Danny', 'Sam', NULL, 2, 'mexican tacos');
INSERT INTO badges (id, first, last, filename, configId, title) VALUES (46, 'Emily', 'Kellow', NULL, 2, 'mexican tacos');
INSERT INTO badges (id, first, last, filename, configId, title) VALUES (47, 'Eliana', 'Nicholas', NULL, 2, 'mexican tacos');
INSERT INTO badges (id, first, last, filename, configId, title) VALUES (48, 'Thomas', 'Bradford', NULL, 2, 'irish stew');
INSERT INTO badges (id, first, last, filename, configId, title) VALUES (49, 'Al', 'Petry', '[object Object]', 2, 'irish stew');
INSERT INTO badges (id, first, last, filename, configId, title) VALUES (50, 'Anoushka', 'Jackson', 'IMG_0009.JPG', 2, 'irish stew');
INSERT INTO badges (id, first, last, filename, configId, title) VALUES (51, 'Jasmine', 'Jackson', NULL, 2, 'irish stew');
INSERT INTO badges (id, first, last, filename, configId, title) VALUES (52, 'Anna', 'Petry', NULL, 2, 'irish stew');
INSERT INTO badges (id, first, last, filename, configId, title) VALUES (53, 'Philip', 'Burrows', NULL, 2, 'irish stew');
INSERT INTO badges (id, first, last, filename, configId, title) VALUES (54, 'Archie', 'Rigby', NULL, 2, 'irish stew');
INSERT INTO badges (id, first, last, filename, configId, title) VALUES (55, 'Nathan', 'Baker', NULL, 2, 'greek salad');
INSERT INTO badges (id, first, last, filename, configId, title) VALUES (56, 'Esther', 'Hawkins', NULL, 2, 'greek salad');
INSERT INTO badges (id, first, last, filename, configId, title) VALUES (57, 'Elizabeth', 'Meeks', NULL, 2, 'greek salad');
INSERT INTO badges (id, first, last, filename, configId, title) VALUES (58, 'Miriam', 'Meeks', NULL, 2, 'greek salad');
INSERT INTO badges (id, first, last, filename, configId, title) VALUES (59, 'Kelsey', 'Scotland', NULL, 2, 'greek salad');
INSERT INTO badges (id, first, last, filename, configId, title) VALUES (60, 'Anna', 'Cairns', 'IMG_0008.JPG', 2, 'greek salad');
INSERT INTO badges (id, first, last, filename, configId, title) VALUES (61, 'Sam', 'Cairns', NULL, 2, 'greek salad');
INSERT INTO badges (id, first, last, filename, configId, title) VALUES (62, 'Joel', 'Cornwell', NULL, 2, 'english breakfast');
INSERT INTO badges (id, first, last, filename, configId, title) VALUES (63, 'Scott', 'Painter', NULL, 2, 'english breakfast');
INSERT INTO badges (id, first, last, filename, configId, title) VALUES (64, 'Suzannah', 'White', NULL, 2, 'english breakfast');
INSERT INTO badges (id, first, last, filename, configId, title) VALUES (65, 'Reuben', 'Wilson', NULL, 2, 'english breakfast');
INSERT INTO badges (id, first, last, filename, configId, title) VALUES (66, 'Katie', 'Roach', NULL, 2, 'english breakfast');
INSERT INTO badges (id, first, last, filename, configId, title) VALUES (67, 'Lily', 'Robinson', NULL, 2, 'english breakfast');
INSERT INTO badges (id, first, last, filename, configId, title) VALUES (68, 'Jacob', 'Roberts', NULL, 2, 'english breakfast');
INSERT INTO badges (id, first, last, filename, configId, title) VALUES (69, 'Kesia', 'Dubberley', NULL, 2, 'belgian chocolates');
INSERT INTO badges (id, first, last, filename, configId, title) VALUES (70, 'Charis', 'Dubberley', NULL, 2, 'belgian chocolates');
INSERT INTO badges (id, first, last, filename, configId, title) VALUES (71, 'Emilia', 'Rowland', NULL, 2, 'belgian chocolates');
INSERT INTO badges (id, first, last, filename, configId, title) VALUES (72, 'Matthew', 'Stone', NULL, 2, 'belgian chocolates');
INSERT INTO badges (id, first, last, filename, configId, title) VALUES (73, 'William', 'Stone', NULL, 2, 'belgian chocolates');
INSERT INTO badges (id, first, last, filename, configId, title) VALUES (74, 'William', 'McKinley', 'IMG_0010.JPG', 2, 'belgian chocolates');
INSERT INTO badges (id, first, last, filename, configId, title) VALUES (75, 'Jamie', 'Roach', 'IMG_0002.JPG', 2, 'belgian chocolates');
INSERT INTO badges (id, first, last, filename, configId, title) VALUES (76, 'Leo', 'Tse', NULL, 2, 'german sausage');
INSERT INTO badges (id, first, last, filename, configId, title) VALUES (77, 'Joel', 'Ng', NULL, 2, 'german sausage');
INSERT INTO badges (id, first, last, filename, configId, title) VALUES (78, 'Hing', 'Nam', NULL, 2, 'german sausage');
INSERT INTO badges (id, first, last, filename, configId, title) VALUES (79, 'Isabel', 'Turner', NULL, 2, 'german sausage');
INSERT INTO badges (id, first, last, filename, configId, title) VALUES (80, 'Connie', 'Wilson', NULL, 2, 'german sausage');
INSERT INTO badges (id, first, last, filename, configId, title) VALUES (81, 'Elizabeth', 'Dear', NULL, 2, 'german sausage');
INSERT INTO badges (id, first, last, filename, configId, title) VALUES (82, 'Matthew', 'Ekoru', NULL, 2, 'german sausage');
INSERT INTO badges (id, first, last, filename, configId, title) VALUES (83, 'Lloyd', 'Monk', NULL, 2, 'aussie bbq');
INSERT INTO badges (id, first, last, filename, configId, title) VALUES (84, 'Matthew', 'Cusworth', NULL, 2, 'aussie bbq');
INSERT INTO badges (id, first, last, filename, configId, title) VALUES (85, 'Amber', 'Williamson', 'IMG_0005.JPG', 2, 'aussie bbq');
INSERT INTO badges (id, first, last, filename, configId, title) VALUES (86, 'Harry', 'Williamson', 'IMG_0004.JPG', 2, 'aussie bbq');
INSERT INTO badges (id, first, last, filename, configId, title) VALUES (87, 'Anna', 'Horrex', 'IMG_0008.JPG', 2, 'aussie bbq');
INSERT INTO badges (id, first, last, filename, configId, title) VALUES (88, 'Esther', 'Horrex', NULL, 2, 'aussie bbq');
INSERT INTO badges (id, first, last, filename, configId, title) VALUES (89, 'Matthew', 'Jolly', NULL, 2, 'aussie bbq');
INSERT INTO badges (id, first, last, filename, configId, title) VALUES (90, 'Joe', 'Rudge', NULL, 2, 'swedish meatballs');
INSERT INTO badges (id, first, last, filename, configId, title) VALUES (91, 'Daisy', 'Rudge', NULL, 2, 'swedish meatballs');
INSERT INTO badges (id, first, last, filename, configId, title) VALUES (92, 'Izzy', 'Lord', NULL, 2, 'swedish meatballs');
INSERT INTO badges (id, first, last, filename, configId, title) VALUES (93, 'Tom', 'Robinson', 'IMG_0007.JPG', 2, 'swedish meatballs');
INSERT INTO badges (id, first, last, filename, configId, title) VALUES (94, 'Jack', 'Pake', NULL, 2, 'swedish meatballs');
INSERT INTO badges (id, first, last, filename, configId, title) VALUES (95, 'Daniel', 'May', NULL, 2, 'swedish meatballs');
INSERT INTO badges (id, first, last, filename, configId, title) VALUES (96, 'Thomas', 'Deakin', NULL, 2, 'swedish meatballs');

-- Table: configs
CREATE TABLE configs (id INTEGER NOT NULL PRIMARY KEY AUTOINCREMENT, image_directory TEXT NOT NULL, name TEXT NOT NULL, background_image_file TEXT, badgeHeight INTEGER, badgeWidth INTEGER, imageLeft NUMERIC, imageRight NUMERIC, imageTop NUMERIC, imageBottom NUMERIC);
INSERT INTO configs (id, image_directory, name, background_image_file, badgeHeight, badgeWidth, imageLeft, imageRight, imageTop, imageBottom) VALUES (1, '/Users/dickonreed/Documents/xcellr8/team2016', 'team2017', '/Users/dickonreed/Downloads/badge template4.png', 48, 88, 0.45, 0.98, 0.025, 0.975);
INSERT INTO configs (id, image_directory, name, background_image_file, badgeHeight, badgeWidth, imageLeft, imageRight, imageTop, imageBottom) VALUES (2, '/Users/dickonreed/Pictures', 'c2017', NULL, 101, 152, 0.05, 0.95, 0.05, 0.95);

-- Table: images
CREATE TABLE images (filename TEXT NOT NULL, hidden BOOLEAN DEFAULT (0), configId INTEGER NOT NULL, recentFirst TEXT, recentLast TEXT, recentTitle TEXT, "left" NUMERIC DEFAULT (0) NOT NULL, "right" NUMERIC DEFAULT (0) NOT NULL, top NUMERIC DEFAULT (0) NOT NULL, bottom NUMERIC DEFAULT (0) NOT NULL, brightness NUMERIC DEFAULT (1) NOT NULL, contrast NUMERIC DEFAULT (1) NOT NULL, rotation NUMERIC DEFAULT (0) NOT NULL);
INSERT INTO images (filename, hidden, configId, recentFirst, recentLast, recentTitle, "left", "right", top, bottom, brightness, contrast, rotation) VALUES ('IMG_0001.JPG', 1, 2, NULL, NULL, NULL, 0, 0, 0, 0, 1, 1, 0);
INSERT INTO images (filename, hidden, configId, recentFirst, recentLast, recentTitle, "left", "right", top, bottom, brightness, contrast, rotation) VALUES ('IMG_0002.JPG', 0, 2, 'Jamie', 'Roach', 'belgian chocolates', 0, 0, 0, 0, 1, 1, 0);
INSERT INTO images (filename, hidden, configId, recentFirst, recentLast, recentTitle, "left", "right", top, bottom, brightness, contrast, rotation) VALUES ('IMG_0003.JPG', 0, 2, NULL, NULL, NULL, 0, 0, 0, 0, 1, 1, 0);
INSERT INTO images (filename, hidden, configId, recentFirst, recentLast, recentTitle, "left", "right", top, bottom, brightness, contrast, rotation) VALUES ('IMG_0004.JPG', 0, 2, 'Harry', 'Williamson', 'aussie bbq', 0, 0, 0, 0, 1, 1, 0);
INSERT INTO images (filename, hidden, configId, recentFirst, recentLast, recentTitle, "left", "right", top, bottom, brightness, contrast, rotation) VALUES ('IMG_0005.JPG', 1, 2, 'Amber', 'Williamson', 'aussie bbq', 0, 0, 0, 0, 1, 1, 0);
INSERT INTO images (filename, hidden, configId, recentFirst, recentLast, recentTitle, "left", "right", top, bottom, brightness, contrast, rotation) VALUES ('IMG_0006.JPG', 0, 2, NULL, NULL, NULL, 0, 0, 0, 0, 1, 1, 0);
INSERT INTO images (filename, hidden, configId, recentFirst, recentLast, recentTitle, "left", "right", top, bottom, brightness, contrast, rotation) VALUES ('IMG_0007.JPG', 0, 2, 'Tom', 'Robinson', 'swedish meatballs', 0, 0, 0, 0, 1, 1, 0);
INSERT INTO images (filename, hidden, configId, recentFirst, recentLast, recentTitle, "left", "right", top, bottom, brightness, contrast, rotation) VALUES ('IMG_0008.JPG', 1, 2, 'Anna', 'Horrex', 'aussie bbq', 0, 0, 0, 0, 1, 1, 0);
INSERT INTO images (filename, hidden, configId, recentFirst, recentLast, recentTitle, "left", "right", top, bottom, brightness, contrast, rotation) VALUES ('IMG_0009.JPG', 1, 2, 'Anoushka', 'Jackson', 'irish stew', 0, 0, 0, 0, 1, 1, 0);
INSERT INTO images (filename, hidden, configId, recentFirst, recentLast, recentTitle, "left", "right", top, bottom, brightness, contrast, rotation) VALUES ('IMG_0010.JPG', 0, 2, 'William', 'McKinley', 'belgian chocolates', 0, 0, 0, 0, 1, 1, 0);
INSERT INTO images (filename, hidden, configId, recentFirst, recentLast, recentTitle, "left", "right", top, bottom, brightness, contrast, rotation) VALUES ('IMG_4764.jpg', 0, 1, NULL, NULL, NULL, 0, 0, 0, 0, 1, 1, 0);
INSERT INTO images (filename, hidden, configId, recentFirst, recentLast, recentTitle, "left", "right", top, bottom, brightness, contrast, rotation) VALUES ('IMG_4765.jpg', 0, 1, NULL, NULL, NULL, 0, 0, 0, 0, 1, 1, 0);
INSERT INTO images (filename, hidden, configId, recentFirst, recentLast, recentTitle, "left", "right", top, bottom, brightness, contrast, rotation) VALUES ('IMG_4766.jpg', 0, 1, NULL, NULL, NULL, 0, 0, 0, 0, 1, 1, 0);
INSERT INTO images (filename, hidden, configId, recentFirst, recentLast, recentTitle, "left", "right", top, bottom, brightness, contrast, rotation) VALUES ('IMG_4767.jpg', 0, 1, NULL, NULL, NULL, 0, 0, 0, 0, 1, 1, 0);
INSERT INTO images (filename, hidden, configId, recentFirst, recentLast, recentTitle, "left", "right", top, bottom, brightness, contrast, rotation) VALUES ('IMG_4768.jpg', 0, 1, NULL, NULL, NULL, 0, 0, 0, 0, 1, 1, 0);
INSERT INTO images (filename, hidden, configId, recentFirst, recentLast, recentTitle, "left", "right", top, bottom, brightness, contrast, rotation) VALUES ('IMG_4769.jpg', 0, 1, 'grey', 'wu', NULL, 0, 0, 0, 0, 1, 1, 0);
INSERT INTO images (filename, hidden, configId, recentFirst, recentLast, recentTitle, "left", "right", top, bottom, brightness, contrast, rotation) VALUES ('IMG_4770.jpg', 0, 1, 'beth', 'wilson', NULL, 0, 0, 0.15, 0, 1, 1, -90);
INSERT INTO images (filename, hidden, configId, recentFirst, recentLast, recentTitle, "left", "right", top, bottom, brightness, contrast, rotation) VALUES ('IMG_4771.jpg', 0, 1, 'susan', 'meah', NULL, 0, 0, 0, 0, 1, 1, 0);
INSERT INTO images (filename, hidden, configId, recentFirst, recentLast, recentTitle, "left", "right", top, bottom, brightness, contrast, rotation) VALUES ('IMG_4772.jpg', 0, 1, NULL, NULL, NULL, 0, 0, 0, 0, 1, 1, 0);
INSERT INTO images (filename, hidden, configId, recentFirst, recentLast, recentTitle, "left", "right", top, bottom, brightness, contrast, rotation) VALUES ('IMG_4773.jpg', 0, 1, 'becky', 'dear', NULL, 0, 0, 0, 0, 1, 1, 0);
INSERT INTO images (filename, hidden, configId, recentFirst, recentLast, recentTitle, "left", "right", top, bottom, brightness, contrast, rotation) VALUES ('IMG_4774.jpg', 0, 1, NULL, NULL, NULL, 0, 0, 0, 0, 1, 1, 0);
INSERT INTO images (filename, hidden, configId, recentFirst, recentLast, recentTitle, "left", "right", top, bottom, brightness, contrast, rotation) VALUES ('IMG_4775.jpg', 0, 1, NULL, NULL, NULL, 0, 0, 0, 0, 1, 1, 0);
INSERT INTO images (filename, hidden, configId, recentFirst, recentLast, recentTitle, "left", "right", top, bottom, brightness, contrast, rotation) VALUES ('IMG_4776.jpg', 0, 1, 'paul', 'johnson', NULL, 0, 0, 0, 0, 1, 1, 0);
INSERT INTO images (filename, hidden, configId, recentFirst, recentLast, recentTitle, "left", "right", top, bottom, brightness, contrast, rotation) VALUES ('IMG_4777.jpg', 0, 1, NULL, NULL, NULL, 0, 0, 0, 0, 1, 1, 0);
INSERT INTO images (filename, hidden, configId, recentFirst, recentLast, recentTitle, "left", "right", top, bottom, brightness, contrast, rotation) VALUES ('IMG_4778.jpg', 0, 1, 'lynn', 'hawkins', NULL, 0, 0, 0, 0, 1, 1, 0);
INSERT INTO images (filename, hidden, configId, recentFirst, recentLast, recentTitle, "left", "right", top, bottom, brightness, contrast, rotation) VALUES ('IMG_4779.jpg', 0, 1, 'sarah', 'hamaia', NULL, 0, 0, 0, 0, 1, 1, 0);
INSERT INTO images (filename, hidden, configId, recentFirst, recentLast, recentTitle, "left", "right", top, bottom, brightness, contrast, rotation) VALUES ('IMG_4780.jpg', 0, 1, 'ann', 'ding', NULL, 0, 0, 0, 0, 1, 1, 0);
INSERT INTO images (filename, hidden, configId, recentFirst, recentLast, recentTitle, "left", "right", top, bottom, brightness, contrast, rotation) VALUES ('IMG_4781.jpg', 0, 1, 'alison', 'brock', NULL, 0, 0, 0, 0, 1, 1, 0);
INSERT INTO images (filename, hidden, configId, recentFirst, recentLast, recentTitle, "left", "right", top, bottom, brightness, contrast, rotation) VALUES ('IMG_4782.jpg', 0, 1, 'eliane', 'hamaia', NULL, 0, 0, 0, 0, 1, 1, 0);
INSERT INTO images (filename, hidden, configId, recentFirst, recentLast, recentTitle, "left", "right", top, bottom, brightness, contrast, rotation) VALUES ('IMG_4783.jpg', 0, 1, NULL, NULL, NULL, 0, 0, 0, 0, 1, 1, 0);
INSERT INTO images (filename, hidden, configId, recentFirst, recentLast, recentTitle, "left", "right", top, bottom, brightness, contrast, rotation) VALUES ('IMG_4784.jpg', 0, 1, NULL, NULL, NULL, 0, 0, 0, 0, 1, 1, 0);
INSERT INTO images (filename, hidden, configId, recentFirst, recentLast, recentTitle, "left", "right", top, bottom, brightness, contrast, rotation) VALUES ('IMG_4785.jpg', 0, 1, 'rowan', 'braam', NULL, 0, 0, 0, 0, 1, 1, 0);
INSERT INTO images (filename, hidden, configId, recentFirst, recentLast, recentTitle, "left", "right", top, bottom, brightness, contrast, rotation) VALUES ('IMG_4786.jpg', 0, 1, NULL, NULL, NULL, 0, 0, 0, 0, 1, 1, 0);
INSERT INTO images (filename, hidden, configId, recentFirst, recentLast, recentTitle, "left", "right", top, bottom, brightness, contrast, rotation) VALUES ('IMG_4787.jpg', 0, 1, NULL, NULL, NULL, 0, 0, 0, 0, 1, 1, 0);
INSERT INTO images (filename, hidden, configId, recentFirst, recentLast, recentTitle, "left", "right", top, bottom, brightness, contrast, rotation) VALUES ('IMG_4788.jpg', 0, 1, NULL, NULL, NULL, 0, 0, 0, 0, 1, 1, 0);
INSERT INTO images (filename, hidden, configId, recentFirst, recentLast, recentTitle, "left", "right", top, bottom, brightness, contrast, rotation) VALUES ('IMG_4789.jpg', 0, 1, 'alfie', 'whyatt', NULL, 0, 0, 0, 0, 1, 1, 0);
INSERT INTO images (filename, hidden, configId, recentFirst, recentLast, recentTitle, "left", "right", top, bottom, brightness, contrast, rotation) VALUES ('IMG_4790.jpg', 0, 1, NULL, NULL, NULL, 0, 0, 0, 0, 1, 1, 0);
INSERT INTO images (filename, hidden, configId, recentFirst, recentLast, recentTitle, "left", "right", top, bottom, brightness, contrast, rotation) VALUES ('IMG_4791.jpg', 0, 1, 'sophie', 'wilkinson', NULL, 0, 0, 0, 0, 1, 1, 0);
INSERT INTO images (filename, hidden, configId, recentFirst, recentLast, recentTitle, "left", "right", top, bottom, brightness, contrast, rotation) VALUES ('IMG_4792.jpg', 0, 1, 'daniel', 'stone', NULL, 0, 0, 0, 0, 1, 1, 0);
INSERT INTO images (filename, hidden, configId, recentFirst, recentLast, recentTitle, "left", "right", top, bottom, brightness, contrast, rotation) VALUES ('IMG_4793.jpg', 0, 1, NULL, NULL, NULL, 0, 0, 0, 0, 1, 1, 0);
INSERT INTO images (filename, hidden, configId, recentFirst, recentLast, recentTitle, "left", "right", top, bottom, brightness, contrast, rotation) VALUES ('IMG_4794.jpg', 0, 1, 'trudy', 'reid', NULL, 0, 0, 0, 0, 1, 1, 0);
INSERT INTO images (filename, hidden, configId, recentFirst, recentLast, recentTitle, "left", "right", top, bottom, brightness, contrast, rotation) VALUES ('IMG_4795.jpg', 0, 1, NULL, NULL, NULL, 0, 0, 0, 0, 1, 1, 0);
INSERT INTO images (filename, hidden, configId, recentFirst, recentLast, recentTitle, "left", "right", top, bottom, brightness, contrast, rotation) VALUES ('IMG_4796.jpg', 0, 1, 'greg', 'reid', NULL, 0, 0, 0, 0, 1, 1, 0);
INSERT INTO images (filename, hidden, configId, recentFirst, recentLast, recentTitle, "left", "right", top, bottom, brightness, contrast, rotation) VALUES ('IMG_4797.jpg', 0, 1, NULL, NULL, NULL, 0, 0, 0, 0, 1, 1, 0);
INSERT INTO images (filename, hidden, configId, recentFirst, recentLast, recentTitle, "left", "right", top, bottom, brightness, contrast, rotation) VALUES ('IMG_4798.jpg', 0, 1, NULL, NULL, NULL, 0, 0, 0, 0, 1, 1, 0);
INSERT INTO images (filename, hidden, configId, recentFirst, recentLast, recentTitle, "left", "right", top, bottom, brightness, contrast, rotation) VALUES ('IMG_4799.jpg', 0, 1, 'heather', 'dickerson', NULL, 0, 0, 0, 0, 1, 1, 0);
INSERT INTO images (filename, hidden, configId, recentFirst, recentLast, recentTitle, "left", "right", top, bottom, brightness, contrast, rotation) VALUES ('IMG_4800.jpg', 0, 1, 'caroline', 'north', NULL, 0, 0, 0, 0, 1, 1, 0);
INSERT INTO images (filename, hidden, configId, recentFirst, recentLast, recentTitle, "left", "right", top, bottom, brightness, contrast, rotation) VALUES ('IMG_4801.jpg', 0, 1, 'tim', 'north', NULL, 0, 0, 0, 0, 1, 1, 0);
INSERT INTO images (filename, hidden, configId, recentFirst, recentLast, recentTitle, "left", "right", top, bottom, brightness, contrast, rotation) VALUES ('IMG_4802.jpg', 0, 1, 'jonny', 'staplehurst', NULL, 0, 0, 0, 0, 1, 1, 0);
INSERT INTO images (filename, hidden, configId, recentFirst, recentLast, recentTitle, "left", "right", top, bottom, brightness, contrast, rotation) VALUES ('IMG_4803.jpg', 0, 1, 'steve', 'whyatt', NULL, 0, 0, 0, 0, 1, 1, 0);
INSERT INTO images (filename, hidden, configId, recentFirst, recentLast, recentTitle, "left", "right", top, bottom, brightness, contrast, rotation) VALUES ('IMG_4804.jpg', 0, 1, 'andy', 'staplehurst', NULL, 0, 0, 0, 0, 1, 1, 0);
INSERT INTO images (filename, hidden, configId, recentFirst, recentLast, recentTitle, "left", "right", top, bottom, brightness, contrast, rotation) VALUES ('IMG_4805.jpg', 0, 1, NULL, NULL, NULL, 0, 0, 0, 0, 1, 1, 0);
INSERT INTO images (filename, hidden, configId, recentFirst, recentLast, recentTitle, "left", "right", top, bottom, brightness, contrast, rotation) VALUES ('IMG_4806.jpg', 0, 1, NULL, NULL, NULL, 0, 0, 0, 0, 1, 1, 0);
INSERT INTO images (filename, hidden, configId, recentFirst, recentLast, recentTitle, "left", "right", top, bottom, brightness, contrast, rotation) VALUES ('IMG_4807.jpg', 0, 1, NULL, NULL, NULL, 0, 0, 0, 0, 1, 1, 0);
INSERT INTO images (filename, hidden, configId, recentFirst, recentLast, recentTitle, "left", "right", top, bottom, brightness, contrast, rotation) VALUES ('IMG_4808.jpg', 0, 1, NULL, NULL, NULL, 0, 0, 0, 0, 1, 1, 0);
INSERT INTO images (filename, hidden, configId, recentFirst, recentLast, recentTitle, "left", "right", top, bottom, brightness, contrast, rotation) VALUES ('IMG_4809.jpg', 0, 1, NULL, NULL, NULL, 0, 0, 0, 0, 1, 1, 0);
INSERT INTO images (filename, hidden, configId, recentFirst, recentLast, recentTitle, "left", "right", top, bottom, brightness, contrast, rotation) VALUES ('IMG_4810.jpg', 0, 1, NULL, NULL, NULL, 0, 0, 0, 0, 1, 1, 0);
INSERT INTO images (filename, hidden, configId, recentFirst, recentLast, recentTitle, "left", "right", top, bottom, brightness, contrast, rotation) VALUES ('IMG_4811.jpg', 0, 1, NULL, NULL, NULL, 0, 0, 0, 0, 1, 1, 0);
INSERT INTO images (filename, hidden, configId, recentFirst, recentLast, recentTitle, "left", "right", top, bottom, brightness, contrast, rotation) VALUES ('IMG_4812.jpg', 0, 1, NULL, NULL, NULL, 0, 0, 0, 0, 1, 1, 0);
INSERT INTO images (filename, hidden, configId, recentFirst, recentLast, recentTitle, "left", "right", top, bottom, brightness, contrast, rotation) VALUES ('IMG_4813.jpg', 0, 1, NULL, NULL, NULL, 0, 0, 0, 0, 1, 1, 0);
INSERT INTO images (filename, hidden, configId, recentFirst, recentLast, recentTitle, "left", "right", top, bottom, brightness, contrast, rotation) VALUES ('IMG_4814.jpg', 0, 1, 'erica', 'scott', NULL, 0, 0, 0, 0, 1, 1, 0);
INSERT INTO images (filename, hidden, configId, recentFirst, recentLast, recentTitle, "left", "right", top, bottom, brightness, contrast, rotation) VALUES ('IMG_4815.jpg', 0, 1, NULL, NULL, NULL, 0, 0, 0, 0, 1, 1, 0);
INSERT INTO images (filename, hidden, configId, recentFirst, recentLast, recentTitle, "left", "right", top, bottom, brightness, contrast, rotation) VALUES ('IMG_4816.jpg', 0, 1, 'callum', 'dickerson', NULL, 0, 0, 0, 0, 1, 1, 0);
INSERT INTO images (filename, hidden, configId, recentFirst, recentLast, recentTitle, "left", "right", top, bottom, brightness, contrast, rotation) VALUES ('IMG_4817.jpg', 0, 1, 'daniel', 'rowland', NULL, 0, 0, 0, 0, 1, 1, 0);
INSERT INTO images (filename, hidden, configId, recentFirst, recentLast, recentTitle, "left", "right", top, bottom, brightness, contrast, rotation) VALUES ('IMG_4818.jpg', 0, 1, NULL, NULL, NULL, 0, 0, 0, 0, 1, 1, 0);
INSERT INTO images (filename, hidden, configId, recentFirst, recentLast, recentTitle, "left", "right", top, bottom, brightness, contrast, rotation) VALUES ('IMG_4819.jpg', 0, 1, NULL, NULL, NULL, 0, 0, 0, 0, 1, 1, 0);
INSERT INTO images (filename, hidden, configId, recentFirst, recentLast, recentTitle, "left", "right", top, bottom, brightness, contrast, rotation) VALUES ('IMG_4820.jpg', 0, 1, 'alice', 'bates', NULL, 0, 0, 0, 0, 1, 1, 0);
INSERT INTO images (filename, hidden, configId, recentFirst, recentLast, recentTitle, "left", "right", top, bottom, brightness, contrast, rotation) VALUES ('IMG_4821.jpg', 0, 1, NULL, NULL, NULL, 0, 0, 0, 0, 1, 1, 0);
INSERT INTO images (filename, hidden, configId, recentFirst, recentLast, recentTitle, "left", "right", top, bottom, brightness, contrast, rotation) VALUES ('IMG_4822.jpg', 0, 1, 'abbie', 'philips', NULL, 0, 0, 0, 0, 1, 1, 0);
INSERT INTO images (filename, hidden, configId, recentFirst, recentLast, recentTitle, "left", "right", top, bottom, brightness, contrast, rotation) VALUES ('IMG_4823.jpg', 0, 1, 'emily', 'staplehurst', NULL, 0, 0, 0, 0, 1, 1, 0);
INSERT INTO images (filename, hidden, configId, recentFirst, recentLast, recentTitle, "left", "right", top, bottom, brightness, contrast, rotation) VALUES ('IMG_4824.jpg', 0, 1, NULL, NULL, NULL, 0, 0, 0, 0, 1, 1, 0);
INSERT INTO images (filename, hidden, configId, recentFirst, recentLast, recentTitle, "left", "right", top, bottom, brightness, contrast, rotation) VALUES ('IMG_4825.jpg', 0, 1, 'lara', 'hagger', NULL, 0, 0, 0, 0, 1, 1, 0);
INSERT INTO images (filename, hidden, configId, recentFirst, recentLast, recentTitle, "left", "right", top, bottom, brightness, contrast, rotation) VALUES ('IMG_4826.jpg', 0, 1, NULL, NULL, NULL, 0, 0, 0, 0, 1, 1, 0);
INSERT INTO images (filename, hidden, configId, recentFirst, recentLast, recentTitle, "left", "right", top, bottom, brightness, contrast, rotation) VALUES ('IMG_4827.jpg', 0, 1, NULL, NULL, NULL, 0, 0, 0, 0, 1, 1, 0);
INSERT INTO images (filename, hidden, configId, recentFirst, recentLast, recentTitle, "left", "right", top, bottom, brightness, contrast, rotation) VALUES ('IMG_4828.jpg', 0, 1, NULL, NULL, NULL, 0, 0, 0, 0, 1, 1, 0);
INSERT INTO images (filename, hidden, configId, recentFirst, recentLast, recentTitle, "left", "right", top, bottom, brightness, contrast, rotation) VALUES ('IMG_4829.jpg', 0, 1, 'ellen', 'whyatt', NULL, 0, 0, 0, 0, 1, 1, 0);
INSERT INTO images (filename, hidden, configId, recentFirst, recentLast, recentTitle, "left", "right", top, bottom, brightness, contrast, rotation) VALUES ('IMG_4830.jpg', 0, 1, 'rachel', 'owen', NULL, 0, 0, 0, 0, 1, 1, 0);
INSERT INTO images (filename, hidden, configId, recentFirst, recentLast, recentTitle, "left", "right", top, bottom, brightness, contrast, rotation) VALUES ('IMG_4831.jpg', 0, 1, 'ben', 'rowland', NULL, 0, 0, 0, 0, 1, 1, 0);
INSERT INTO images (filename, hidden, configId, recentFirst, recentLast, recentTitle, "left", "right", top, bottom, brightness, contrast, rotation) VALUES ('IMG_4832.jpg', 0, 1, NULL, NULL, NULL, 0, 0, 0, 0, 1, 1, 0);
INSERT INTO images (filename, hidden, configId, recentFirst, recentLast, recentTitle, "left", "right", top, bottom, brightness, contrast, rotation) VALUES ('IMG_4833.jpg', 0, 1, 'felix', 'osborne', NULL, 0, 0, 0, 0, 1, 1, 0);
INSERT INTO images (filename, hidden, configId, recentFirst, recentLast, recentTitle, "left", "right", top, bottom, brightness, contrast, rotation) VALUES ('IMG_4834.jpg', 0, 1, NULL, NULL, NULL, 0, 0, 0, 0, 1, 1, 0);
INSERT INTO images (filename, hidden, configId, recentFirst, recentLast, recentTitle, "left", "right", top, bottom, brightness, contrast, rotation) VALUES ('IMG_4835.jpg', 0, 1, 'mark', 'ashton', NULL, 0, 0, 0, 0, 1, 1, 0);
INSERT INTO images (filename, hidden, configId, recentFirst, recentLast, recentTitle, "left", "right", top, bottom, brightness, contrast, rotation) VALUES ('IMG_4836.jpg', 0, 1, NULL, NULL, NULL, 0, 0, 0, 0, 1, 1, 0);
INSERT INTO images (filename, hidden, configId, recentFirst, recentLast, recentTitle, "left", "right", top, bottom, brightness, contrast, rotation) VALUES ('IMG_4837.jpg', 0, 1, 'julia', 'au', NULL, 0, 0, 0, 0, 1, 1, 0);
INSERT INTO images (filename, hidden, configId, recentFirst, recentLast, recentTitle, "left", "right", top, bottom, brightness, contrast, rotation) VALUES ('IMG_4838.jpg', 0, 1, NULL, NULL, NULL, 0, 0, 0, 0, 1, 1, 0);
INSERT INTO images (filename, hidden, configId, recentFirst, recentLast, recentTitle, "left", "right", top, bottom, brightness, contrast, rotation) VALUES ('IMG_4839.jpg', 0, 1, 'ruth', 'barry', NULL, 0, 0, 0, 0, 1, 1, 0);
INSERT INTO images (filename, hidden, configId, recentFirst, recentLast, recentTitle, "left", "right", top, bottom, brightness, contrast, rotation) VALUES ('IMG_4840.jpg', 0, 1, NULL, NULL, NULL, 0, 0, 0, 0, 1, 1, 0);
INSERT INTO images (filename, hidden, configId, recentFirst, recentLast, recentTitle, "left", "right", top, bottom, brightness, contrast, rotation) VALUES ('IMG_4841.jpg', 0, 1, 'olivia', 'durrant', NULL, 0, 0, 0, 0, 1, 1, 0);
INSERT INTO images (filename, hidden, configId, recentFirst, recentLast, recentTitle, "left", "right", top, bottom, brightness, contrast, rotation) VALUES ('IMG_4842.jpg', 0, 1, 'adam', 'may', NULL, 0, 0, 0, 0, 1, 1, 0);
INSERT INTO images (filename, hidden, configId, recentFirst, recentLast, recentTitle, "left", "right", top, bottom, brightness, contrast, rotation) VALUES ('IMG_4843.jpg', 0, 1, NULL, NULL, NULL, 0, 0, 0, 0, 1, 1, 0);
INSERT INTO images (filename, hidden, configId, recentFirst, recentLast, recentTitle, "left", "right", top, bottom, brightness, contrast, rotation) VALUES ('IMG_4844.jpg', 0, 1, NULL, NULL, NULL, 0, 0, 0, 0, 1, 1, 0);
INSERT INTO images (filename, hidden, configId, recentFirst, recentLast, recentTitle, "left", "right", top, bottom, brightness, contrast, rotation) VALUES ('IMG_4845.jpg', 0, 1, 'jenny', 'reed', NULL, 0, 0, 0, 0, 1, 1, 0);
INSERT INTO images (filename, hidden, configId, recentFirst, recentLast, recentTitle, "left", "right", top, bottom, brightness, contrast, rotation) VALUES ('IMG_4846.jpg', 0, 1, 'julia', 'stone', NULL, 0, 0, 0, 0, 1, 1, 0);
INSERT INTO images (filename, hidden, configId, recentFirst, recentLast, recentTitle, "left", "right", top, bottom, brightness, contrast, rotation) VALUES ('IMG_0011.JPG', 0, 2, NULL, NULL, NULL, 0, 0, 0, 0, 1, 1, 0);
INSERT INTO images (filename, hidden, configId, recentFirst, recentLast, recentTitle, "left", "right", top, bottom, brightness, contrast, rotation) VALUES ('IMG_0012.JPG', 0, 2, NULL, NULL, NULL, 0, 0, 0, 0, 1, 1, 0);
INSERT INTO images (filename, hidden, configId, recentFirst, recentLast, recentTitle, "left", "right", top, bottom, brightness, contrast, rotation) VALUES ('IMG_0013.JPG', 0, 2, NULL, NULL, NULL, 0, 0, 0, 0, 1, 1, 0);
INSERT INTO images (filename, hidden, configId, recentFirst, recentLast, recentTitle, "left", "right", top, bottom, brightness, contrast, rotation) VALUES ('IMG_0014.JPG', 0, 2, NULL, NULL, NULL, 0, 0, 0, 0, 1, 1, 0);
INSERT INTO images (filename, hidden, configId, recentFirst, recentLast, recentTitle, "left", "right", top, bottom, brightness, contrast, rotation) VALUES ('IMG_0015.JPG', 0, 2, NULL, NULL, NULL, 0, 0, 0, 0, 1, 1, 0);
INSERT INTO images (filename, hidden, configId, recentFirst, recentLast, recentTitle, "left", "right", top, bottom, brightness, contrast, rotation) VALUES ('IMG_0016.JPG', 0, 2, NULL, NULL, NULL, 0, 0, 0, 0, 1, 1, 0);

COMMIT TRANSACTION;
PRAGMA foreign_keys = on;
