--
-- File generated with SQLiteStudio v3.1.1 on Fri Feb 10 23:24:06 2017
--
-- Text encoding used: UTF-8
--
PRAGMA foreign_keys = off;
BEGIN TRANSACTION;

-- Table: badges
CREATE TABLE badges (id INTEGER NOT NULL UNIQUE, first TEXT NOT NULL, last TEXT NOT NULL, filename TEXT, configId INTEGER, title TEXT, printed BOOLEAN DEFAULT (0) NOT NULL, PRIMARY KEY (id));
INSERT INTO badges (id, first, last, filename, configId, title, printed) VALUES (1, 'beth', 'wilson', 'IMG_4770.jpg', 1, 'Team Member', 1);
INSERT INTO badges (id, first, last, filename, configId, title, printed) VALUES (2, 'sarah', 'hamaia', 'IMG_4779.jpg', 1, 'Team Member', 1);
INSERT INTO badges (id, first, last, filename, configId, title, printed) VALUES (3, 'ann', 'ding', 'IMG_4780.jpg', 1, 'Team Member', 1);
INSERT INTO badges (id, first, last, filename, configId, title, printed) VALUES (4, 'alison', 'brock', 'IMG_4781.jpg', 1, 'Team Member', 1);
INSERT INTO badges (id, first, last, filename, configId, title, printed) VALUES (5, 'alfie', 'whyatt', 'IMG_4789.jpg', 1, 'Team Member', 1);
INSERT INTO badges (id, first, last, filename, configId, title, printed) VALUES (6, 'sophie', 'wilkinson', 'IMG_4791.jpg', 1, 'Team Member', 1);
INSERT INTO badges (id, first, last, filename, configId, title, printed) VALUES (7, 'daniel', 'stone', 'IMG_4792.jpg', 1, 'Team Member', 1);
INSERT INTO badges (id, first, last, filename, configId, title, printed) VALUES (8, 'heather', 'dickerson', 'IMG_4799.jpg', 1, 'Team Member', 1);
INSERT INTO badges (id, first, last, filename, configId, title, printed) VALUES (9, 'trudy', 'reid', 'IMG_4794.jpg', 1, 'Team Member', 1);
INSERT INTO badges (id, first, last, filename, configId, title, printed) VALUES (10, 'greg', 'reid', 'IMG_4796.jpg', 1, 'Team Member', 1);
INSERT INTO badges (id, first, last, filename, configId, title, printed) VALUES (11, 'callum', 'dickerson', 'IMG_4816.jpg', 1, 'Team Member', 1);
INSERT INTO badges (id, first, last, filename, configId, title, printed) VALUES (12, 'erica', 'scott', 'IMG_4814.jpg', 1, 'Team Member', 1);
INSERT INTO badges (id, first, last, filename, configId, title, printed) VALUES (13, 'andy', 'staplehurst', 'IMG_4804.jpg', 1, 'Leader', 1);
INSERT INTO badges (id, first, last, filename, configId, title, printed) VALUES (14, 'steve', 'whyatt', 'IMG_4803.jpg', 1, 'Leader', 1);
INSERT INTO badges (id, first, last, filename, configId, title, printed) VALUES (15, 'jonny', 'staplehurst', 'IMG_4802.jpg', 1, 'Leader', 1);
INSERT INTO badges (id, first, last, filename, configId, title, printed) VALUES (16, 'tim', 'north', 'IMG_4801.jpg', 1, 'Leader', 1);
INSERT INTO badges (id, first, last, filename, configId, title, printed) VALUES (17, 'becky', 'dear', 'IMG_4773.jpg', 1, 'Team Member', 1);
INSERT INTO badges (id, first, last, filename, configId, title, printed) VALUES (18, 'daniel', 'rowland', 'IMG_4817.jpg', 1, 'Team Member', 1);
INSERT INTO badges (id, first, last, filename, configId, title, printed) VALUES (19, 'alice', 'bates', 'IMG_4820.jpg', 1, 'Team Member', 1);
INSERT INTO badges (id, first, last, filename, configId, title, printed) VALUES (20, 'paul', 'johnson', 'IMG_4776.jpg', 1, 'Team Member', 1);
INSERT INTO badges (id, first, last, filename, configId, title, printed) VALUES (21, 'emily', 'staplehurst', 'IMG_4823.jpg', 1, 'Team Member', 1);
INSERT INTO badges (id, first, last, filename, configId, title, printed) VALUES (22, 'lara', 'hagger', 'IMG_4825.jpg', 1, 'Team Member', 1);
INSERT INTO badges (id, first, last, filename, configId, title, printed) VALUES (23, 'ben', 'rowland', 'IMG_4831.jpg', 1, 'Team Member', 1);
INSERT INTO badges (id, first, last, filename, configId, title, printed) VALUES (24, 'susan', 'meah', 'IMG_4771.jpg', 1, 'Leader', 1);
INSERT INTO badges (id, first, last, filename, configId, title, printed) VALUES (25, 'lynn', 'hawkins', 'IMG_4778.jpg', 1, 'Team Member', 1);
INSERT INTO badges (id, first, last, filename, configId, title, printed) VALUES (26, 'mark', 'ashton', 'IMG_4835.jpg', 1, 'Team Member', 1);
INSERT INTO badges (id, first, last, filename, configId, title, printed) VALUES (27, 'eliane', 'hamaia', 'IMG_4782.jpg', 1, 'Team Member', 1);
INSERT INTO badges (id, first, last, filename, configId, title, printed) VALUES (28, 'ruth', 'barry', 'IMG_4839.jpg', 1, 'Team Member', 1);
INSERT INTO badges (id, first, last, filename, configId, title, printed) VALUES (29, 'abbie', 'philips', 'IMG_4822.jpg', 1, 'Team Member', 1);
INSERT INTO badges (id, first, last, filename, configId, title, printed) VALUES (30, 'adam', 'may', 'IMG_4842.jpg', 1, 'Team Member', 1);
INSERT INTO badges (id, first, last, filename, configId, title, printed) VALUES (31, 'felix', 'osborne', 'IMG_4833.jpg', 1, 'Team Member', 1);
INSERT INTO badges (id, first, last, filename, configId, title, printed) VALUES (32, 'jenny', 'reed', 'IMG_4845.jpg', 1, 'Team Member', 1);
INSERT INTO badges (id, first, last, filename, configId, title, printed) VALUES (33, 'olivia', 'durrant', 'IMG_4841.jpg', 1, 'Team Member', 1);
INSERT INTO badges (id, first, last, filename, configId, title, printed) VALUES (34, 'rowan', 'braam', 'IMG_4785.jpg', 1, 'Team Member', 1);
INSERT INTO badges (id, first, last, filename, configId, title, printed) VALUES (35, 'rachel', 'owen', 'IMG_4830.jpg', 1, 'Team Member', 1);
INSERT INTO badges (id, first, last, filename, configId, title, printed) VALUES (36, 'caroline', 'north', 'IMG_4800.jpg', 1, 'Leader', 1);
INSERT INTO badges (id, first, last, filename, configId, title, printed) VALUES (37, 'ellen', 'whyatt', 'IMG_4829.jpg', 1, 'Team Member', 1);
INSERT INTO badges (id, first, last, filename, configId, title, printed) VALUES (38, 'grey', 'wu', 'IMG_4769.jpg', 1, 'Team Member', 1);
INSERT INTO badges (id, first, last, filename, configId, title, printed) VALUES (39, 'julia', 'stone', 'IMG_4846.jpg', 1, 'Team Member', 1);
INSERT INTO badges (id, first, last, filename, configId, title, printed) VALUES (40, 'julia', 'au', 'IMG_4837.jpg', 1, 'Team Member', 1);
INSERT INTO badges (id, first, last, filename, configId, title, printed) VALUES (41, 'Millie', 'Durrant', 'IMG_4905.JPG', 2, 'mexican tacos', 0);
INSERT INTO badges (id, first, last, filename, configId, title, printed) VALUES (42, 'Natasha', 'Burrows', 'IMG_4927.JPG', 2, 'mexican tacos', 0);
INSERT INTO badges (id, first, last, filename, configId, title, printed) VALUES (43, 'William', 'Allen', 'IMG_4890_1.JPG', 2, 'mexican tacos', 0);
INSERT INTO badges (id, first, last, filename, configId, title, printed) VALUES (44, 'Benny', 'Sam', 'IMG_4889_1.JPG', 2, 'mexican tacos', 0);
INSERT INTO badges (id, first, last, filename, configId, title, printed) VALUES (45, 'Danny', 'Sam', 'IMG_4888_1.JPG', 2, 'mexican tacos', 0);
INSERT INTO badges (id, first, last, filename, configId, title, printed) VALUES (46, 'Emily', 'Kellow', 'IMG_4888.JPG', 2, 'mexican tacos', 0);
INSERT INTO badges (id, first, last, filename, configId, title, printed) VALUES (47, 'Eliana', 'Nicholas', 'IMG_4906.JPG', 2, 'mexican tacos', 0);
INSERT INTO badges (id, first, last, filename, configId, title, printed) VALUES (48, 'Thomas', 'Bradford', 'IMG_4914.JPG', 2, 'irish stew', 0);
INSERT INTO badges (id, first, last, filename, configId, title, printed) VALUES (49, 'Al', 'Petry', 'IMG_4931.JPG', 2, 'irish stew', 0);
INSERT INTO badges (id, first, last, filename, configId, title, printed) VALUES (50, 'Anoushka', 'Jackson', 'IMG_4923.JPG', 2, 'irish stew', 0);
INSERT INTO badges (id, first, last, filename, configId, title, printed) VALUES (51, 'Jasmine', 'Jackson', 'IMG_4922.JPG', 2, 'irish stew', 0);
INSERT INTO badges (id, first, last, filename, configId, title, printed) VALUES (52, 'Anna', 'Petry', 'IMG_4930.JPG', 2, 'irish stew', 0);
INSERT INTO badges (id, first, last, filename, configId, title, printed) VALUES (53, 'Philip', 'Burrows', 'IMG_4926.JPG', 2, 'irish stew', 0);
INSERT INTO badges (id, first, last, filename, configId, title, printed) VALUES (54, 'Archie', 'Rigby', 'IMG_4889.JPG', 2, 'irish stew', 0);
INSERT INTO badges (id, first, last, filename, configId, title, printed) VALUES (55, 'Nathan', 'Baker', 'IMG_4933.JPG', 2, 'greek salad', 0);
INSERT INTO badges (id, first, last, filename, configId, title, printed) VALUES (56, 'Esther', 'Hawkins', 'IMG_4909.JPG', 2, 'greek salad', 0);
INSERT INTO badges (id, first, last, filename, configId, title, printed) VALUES (57, 'Elizabeth', 'Meeks', 'IMG_4902.JPG', 2, 'greek salad', 0);
INSERT INTO badges (id, first, last, filename, configId, title, printed) VALUES (58, 'Miriam', 'Meeks', 'IMG_4900.JPG', 2, 'greek salad', 0);
INSERT INTO badges (id, first, last, filename, configId, title, printed) VALUES (59, 'Kelsey', 'Scotland', 'IMG_4901.JPG', 2, 'greek salad', 0);
INSERT INTO badges (id, first, last, filename, configId, title, printed) VALUES (60, 'Anna', 'Cairns', 'IMG_4894_1.JPG', 2, 'greek salad', 0);
INSERT INTO badges (id, first, last, filename, configId, title, printed) VALUES (61, 'Sam', 'Cairns', 'IMG_4893_1.JPG', 2, 'greek salad', 0);
INSERT INTO badges (id, first, last, filename, configId, title, printed) VALUES (62, 'Joel', 'Cornwell', 'IMG_4897.JPG', 2, 'english breakfast', 0);
INSERT INTO badges (id, first, last, filename, configId, title, printed) VALUES (63, 'Scott', 'Painter', 'IMG_4898.JPG', 2, 'english breakfast', 0);
INSERT INTO badges (id, first, last, filename, configId, title, printed) VALUES (64, 'Suzannah', 'White', 'IMG_4910.JPG', 2, 'english breakfast', 0);
INSERT INTO badges (id, first, last, filename, configId, title, printed) VALUES (65, 'Reuben', 'Wilson', 'IMG_4912.JPG', 2, 'english breakfast', 0);
INSERT INTO badges (id, first, last, filename, configId, title, printed) VALUES (66, 'Katie', 'Roach', 'IMG_4915.JPG', 2, 'english breakfast', 0);
INSERT INTO badges (id, first, last, filename, configId, title, printed) VALUES (67, 'Lily', 'Robinson', 'IMG_4893.JPG', 2, 'english breakfast', 0);
INSERT INTO badges (id, first, last, filename, configId, title, printed) VALUES (68, 'Jacob', 'Roberts', 'IMG_4921.JPG', 2, 'english breakfast', 0);
INSERT INTO badges (id, first, last, filename, configId, title, printed) VALUES (69, 'Kesia', 'Dubberley', 'IMG_4892_1.JPG', 2, 'belgian chocolates', 0);
INSERT INTO badges (id, first, last, filename, configId, title, printed) VALUES (70, 'Charis', 'Dubberley', 'IMG_4891_1.JPG', 2, 'belgian chocolates', 0);
INSERT INTO badges (id, first, last, filename, configId, title, printed) VALUES (71, 'Emilia', 'Rowland', 'IMG_4907.JPG', 2, 'belgian chocolates', 0);
INSERT INTO badges (id, first, last, filename, configId, title, printed) VALUES (72, 'Matthew', 'Stone', 'IMG_4920.JPG', 2, 'belgian chocolates', 0);
INSERT INTO badges (id, first, last, filename, configId, title, printed) VALUES (73, 'William', 'Stone', 'IMG_4924.JPG', 2, 'belgian chocolates', 0);
INSERT INTO badges (id, first, last, filename, configId, title, printed) VALUES (74, 'William', 'McKinley', 'IMG_4919.JPG', 2, 'belgian chocolates', 0);
INSERT INTO badges (id, first, last, filename, configId, title, printed) VALUES (75, 'Jamie', 'Roach', 'IMG_4918.JPG', 2, 'belgian chocolates', 0);
INSERT INTO badges (id, first, last, filename, configId, title, printed) VALUES (76, 'Leo', 'Tse', 'IMG_4938.JPG', 2, 'german sausage', 0);
INSERT INTO badges (id, first, last, filename, configId, title, printed) VALUES (77, 'Joel', 'Ng', 'IMG_4935.JPG', 2, 'german sausage', 0);
INSERT INTO badges (id, first, last, filename, configId, title, printed) VALUES (78, 'Joanna', 'Yung', 'IMG_4934.JPG', 2, 'german sausage', 0);
INSERT INTO badges (id, first, last, filename, configId, title, printed) VALUES (79, 'Isabel', 'Turner', 'IMG_4929.JPG', 2, 'german sausage', 0);
INSERT INTO badges (id, first, last, filename, configId, title, printed) VALUES (80, 'Connie', 'Wilson', 'IMG_0018.JPG', 2, 'german sausage', 0);
INSERT INTO badges (id, first, last, filename, configId, title, printed) VALUES (81, 'Elizabeth', 'Dear', 'IMG_4908.JPG', 2, 'german sausage', 0);
INSERT INTO badges (id, first, last, filename, configId, title, printed) VALUES (82, 'Matthew', 'Ekoru', 'IMG_4895_1.JPG', 2, 'german sausage', 0);
INSERT INTO badges (id, first, last, filename, configId, title, printed) VALUES (83, 'Lloyd', 'Monk', 'IMG_4897_1.JPG', 2, 'aussie bbq', 0);
INSERT INTO badges (id, first, last, filename, configId, title, printed) VALUES (84, 'Matthew', 'Cusworth', 'IMG_4928.JPG', 2, 'aussie bbq', 0);
INSERT INTO badges (id, first, last, filename, configId, title, printed) VALUES (85, 'Amber', 'Williamson', 'IMG_4936.JPG', 2, 'aussie bbq', 0);
INSERT INTO badges (id, first, last, filename, configId, title, printed) VALUES (86, 'Harry', 'Williamson', 'IMG_4899.JPG', 2, 'aussie bbq', 0);
INSERT INTO badges (id, first, last, filename, configId, title, printed) VALUES (87, 'Anna', 'Horrex', 'IMG_4903.JPG', 2, 'aussie bbq', 0);
INSERT INTO badges (id, first, last, filename, configId, title, printed) VALUES (88, 'Esther', 'Horrex', 'IMG_4904.JPG', 2, 'aussie bbq', 0);
INSERT INTO badges (id, first, last, filename, configId, title, printed) VALUES (89, 'Matthew', 'Jolly', 'IMG_4925.JPG', 2, 'aussie bbq', 0);
INSERT INTO badges (id, first, last, filename, configId, title, printed) VALUES (90, 'Joe', 'Rudge', 'IMG_4896.JPG', 2, 'swedish meatballs', 0);
INSERT INTO badges (id, first, last, filename, configId, title, printed) VALUES (91, 'Daisy', 'Rudge', 'IMG_4891.JPG', 2, 'swedish meatballs', 0);
INSERT INTO badges (id, first, last, filename, configId, title, printed) VALUES (92, 'Izzy', 'Lord', 'IMG_4892.JPG', 2, 'swedish meatballs', 0);
INSERT INTO badges (id, first, last, filename, configId, title, printed) VALUES (93, 'Tom', 'Robinson', 'IMG_4895.JPG', 2, 'swedish meatballs', 0);
INSERT INTO badges (id, first, last, filename, configId, title, printed) VALUES (95, 'Daniel', 'May', 'IMG_4894.JPG', 2, 'swedish meatballs', 0);
INSERT INTO badges (id, first, last, filename, configId, title, printed) VALUES (96, 'Thomas', 'Deakin', 'IMG_4916.JPG', 2, 'swedish meatballs', 0);
INSERT INTO badges (id, first, last, filename, configId, title, printed) VALUES (97, 'dickon', 'reed', 'Dickon_Reed.JPG', 1, 'Leader', 1);
INSERT INTO badges (id, first, last, filename, configId, title, printed) VALUES (98, 'barbara', 'ashton', 'Barbara Ashton.JPG', 1, 'Team Member', 1);
INSERT INTO badges (id, first, last, filename, configId, title, printed) VALUES (99, 'natalie', 'Palmer', 'Natalie Palmer.JPG', 1, 'Team Member', 1);
INSERT INTO badges (id, first, last, filename, configId, title, printed) VALUES (100, 'rebecca', 'morgan', 'IMG_4883.JPG', 1, 'Team Member', 0);
INSERT INTO badges (id, first, last, filename, configId, title, printed) VALUES (101, 'bradley', 'mcmahon', 'IMG_4885.JPG', 1, 'Team Member', 1);
INSERT INTO badges (id, first, last, filename, configId, title, printed) VALUES (102, 'sophie', 'everett', 'IMG_4937.JPG', 2, 'swedish meatballs', 0);
INSERT INTO badges (id, first, last, filename, configId, title, printed) VALUES (103, 'Lauren', 'Rose', 'IMG_4890.JPG', 2, 'belgian chocolates', 0);
INSERT INTO badges (id, first, last, filename, configId, title, printed) VALUES (104, 'Jacob', 'Barry', 'IMG_4897.JPG', 2, 'swedish meatballs', 0);
INSERT INTO badges (id, first, last, filename, configId, title, printed) VALUES (105, 'Oliver', 'White', 'IMG_4911.JPG', 2, 'english breakfast', 0);
INSERT INTO badges (id, first, last, filename, configId, title, printed) VALUES (106, 'Ben', 'Bradford', 'IMG_4913.JPG', 2, 'irish stew', 0);
INSERT INTO badges (id, first, last, filename, configId, title, printed) VALUES (107, 'Talulla', 'Osborne', 'IMG_4917.JPG', 2, 'mexican tacos', 0);
INSERT INTO badges (id, first, last, filename, configId, title, printed) VALUES (108, 'Matthew', 'Baker', 'IMG_4932.JPG', 2, 'greek salad', 0);
INSERT INTO badges (id, first, last, filename, configId, title, printed) VALUES (110, 'Boaz', 'Au', 'IMG_4939.JPG', 2, 'german sausage', 0);
INSERT INTO badges (id, first, last, filename, configId, title, printed) VALUES (112, 'Dillon', 'Monk', 'IMG_4896_1.JPG', 2, 'aussie bbq', 0);

-- Table: configs
CREATE TABLE configs (id INTEGER NOT NULL PRIMARY KEY AUTOINCREMENT, image_directory TEXT NOT NULL, name TEXT NOT NULL, background_image_file TEXT, badgeHeight INTEGER, badgeWidth INTEGER, imageLeft NUMERIC, imageRight NUMERIC, imageTop NUMERIC, imageBottom NUMERIC);
INSERT INTO configs (id, image_directory, name, background_image_file, badgeHeight, badgeWidth, imageLeft, imageRight, imageTop, imageBottom) VALUES (1, '/Users/dickonreed/Documents/xcellr8/team2016', 'team2017', '/Users/dickonreed/Downloads/badge template4.png', 48, 88, 0.45, 0.98, 0.025, 0.975);
INSERT INTO configs (id, image_directory, name, background_image_file, badgeHeight, badgeWidth, imageLeft, imageRight, imageTop, imageBottom) VALUES (2, '/Users/dickonreed/Pictures', 'c2017', NULL, 101, 152, 0.05, 0.95, 0.05, 0.95);

-- Table: images
CREATE TABLE images (filename TEXT NOT NULL, hidden BOOLEAN DEFAULT (0), configId INTEGER NOT NULL, recentFirst TEXT, recentLast TEXT, recentTitle TEXT, "left" NUMERIC DEFAULT (0) NOT NULL, top NUMERIC DEFAULT (0) NOT NULL, "right" NUMERIC DEFAULT (0) NOT NULL, bottom NUMERIC DEFAULT (0) NOT NULL, brightness NUMERIC DEFAULT (1) NOT NULL, contrast NUMERIC DEFAULT (1) NOT NULL, rotation NUMERIC DEFAULT (0) NOT NULL);
INSERT INTO images (filename, hidden, configId, recentFirst, recentLast, recentTitle, "left", top, "right", bottom, brightness, contrast, rotation) VALUES ('IMG_0001.JPG', 1, 2, NULL, NULL, NULL, 0, 0, 0, 0, 1, 1, 0);
INSERT INTO images (filename, hidden, configId, recentFirst, recentLast, recentTitle, "left", top, "right", bottom, brightness, contrast, rotation) VALUES ('IMG_0002.JPG', 1, 2, 'Jamie', 'Roach', 'belgian chocolates', 0, 0, 0, 0, 1, 1, 0);
INSERT INTO images (filename, hidden, configId, recentFirst, recentLast, recentTitle, "left", top, "right", bottom, brightness, contrast, rotation) VALUES ('IMG_0003.JPG', 1, 2, NULL, NULL, NULL, 0, 0, 0, 0, 1, 1, 0);
INSERT INTO images (filename, hidden, configId, recentFirst, recentLast, recentTitle, "left", top, "right", bottom, brightness, contrast, rotation) VALUES ('IMG_0004.JPG', 1, 2, 'Harry', 'Williamson', 'aussie bbq', 0, 0, 0, 0, 1, 1, 0);
INSERT INTO images (filename, hidden, configId, recentFirst, recentLast, recentTitle, "left", top, "right", bottom, brightness, contrast, rotation) VALUES ('IMG_0005.JPG', 1, 2, 'Amber', 'Williamson', 'aussie bbq', 0, 0, 0, 0, 1, 1, 0);
INSERT INTO images (filename, hidden, configId, recentFirst, recentLast, recentTitle, "left", top, "right", bottom, brightness, contrast, rotation) VALUES ('IMG_0006.JPG', 1, 2, NULL, NULL, NULL, 0, 0, 0, 0, 1, 1, 0);
INSERT INTO images (filename, hidden, configId, recentFirst, recentLast, recentTitle, "left", top, "right", bottom, brightness, contrast, rotation) VALUES ('IMG_0007.JPG', 1, 2, 'Tom', 'Robinson', 'swedish meatballs', 0, 0, 0, 0, 1, 1, 0);
INSERT INTO images (filename, hidden, configId, recentFirst, recentLast, recentTitle, "left", top, "right", bottom, brightness, contrast, rotation) VALUES ('IMG_0008.JPG', 1, 2, 'Anna', 'Horrex', 'aussie bbq', 0, 0, 0, 0, 1, 1, 0);
INSERT INTO images (filename, hidden, configId, recentFirst, recentLast, recentTitle, "left", top, "right", bottom, brightness, contrast, rotation) VALUES ('IMG_0009.JPG', 1, 2, 'Anoushka', 'Jackson', 'irish stew', 0, 0, 0, 0, 1, 1, 0);
INSERT INTO images (filename, hidden, configId, recentFirst, recentLast, recentTitle, "left", top, "right", bottom, brightness, contrast, rotation) VALUES ('IMG_0010.JPG', 1, 2, 'William', 'McKinley', 'belgian chocolates', 0, 0, 0, 0, 2.5, 1, 0);
INSERT INTO images (filename, hidden, configId, recentFirst, recentLast, recentTitle, "left", top, "right", bottom, brightness, contrast, rotation) VALUES ('IMG_4764.jpg', 1, 1, NULL, NULL, NULL, 0, 0, 0, 0, 1, 1, 0);
INSERT INTO images (filename, hidden, configId, recentFirst, recentLast, recentTitle, "left", top, "right", bottom, brightness, contrast, rotation) VALUES ('IMG_4765.jpg', 1, 1, NULL, NULL, NULL, 0, 0, 0, 0, 1, 1, 0);
INSERT INTO images (filename, hidden, configId, recentFirst, recentLast, recentTitle, "left", top, "right", bottom, brightness, contrast, rotation) VALUES ('IMG_4766.jpg', 0, 1, NULL, NULL, NULL, 0, 0, 0, 0, 1, 1, 0);
INSERT INTO images (filename, hidden, configId, recentFirst, recentLast, recentTitle, "left", top, "right", bottom, brightness, contrast, rotation) VALUES ('IMG_4767.jpg', 0, 1, NULL, NULL, NULL, 0, 0, 0, 0, 1, 1, 0);
INSERT INTO images (filename, hidden, configId, recentFirst, recentLast, recentTitle, "left", top, "right", bottom, brightness, contrast, rotation) VALUES ('IMG_4768.jpg', 0, 1, NULL, NULL, NULL, 0, 0, 0, 0, 1, 1, 0);
INSERT INTO images (filename, hidden, configId, recentFirst, recentLast, recentTitle, "left", top, "right", bottom, brightness, contrast, rotation) VALUES ('IMG_4769.jpg', 0, 1, 'grey', 'wu', 'Team Member', 0, 0, 0, 0, 1, 1, 0);
INSERT INTO images (filename, hidden, configId, recentFirst, recentLast, recentTitle, "left", top, "right", bottom, brightness, contrast, rotation) VALUES ('IMG_4770.jpg', 0, 1, 'beth', 'wilson', 'Team Member', 0, 0.15, 0, 0, 1, 1, 0);
INSERT INTO images (filename, hidden, configId, recentFirst, recentLast, recentTitle, "left", top, "right", bottom, brightness, contrast, rotation) VALUES ('IMG_4771.jpg', 0, 1, 'susan', 'meah', 'Leader', 0, 0, 0, 0, 1, 1, 0);
INSERT INTO images (filename, hidden, configId, recentFirst, recentLast, recentTitle, "left", top, "right", bottom, brightness, contrast, rotation) VALUES ('IMG_4772.jpg', 0, 1, NULL, NULL, NULL, 0, 0, 0, 0, 1, 1, 0);
INSERT INTO images (filename, hidden, configId, recentFirst, recentLast, recentTitle, "left", top, "right", bottom, brightness, contrast, rotation) VALUES ('IMG_4773.jpg', 0, 1, 'becky', 'dear', 'Team Member', 0, 0, 0, 0, 1, 1, 0);
INSERT INTO images (filename, hidden, configId, recentFirst, recentLast, recentTitle, "left", top, "right", bottom, brightness, contrast, rotation) VALUES ('IMG_4774.jpg', 0, 1, NULL, NULL, NULL, 0, 0, 0, 0, 1, 1, 0);
INSERT INTO images (filename, hidden, configId, recentFirst, recentLast, recentTitle, "left", top, "right", bottom, brightness, contrast, rotation) VALUES ('IMG_4775.jpg', 0, 1, NULL, NULL, NULL, 0, 0, 0, 0, 1, 1, 0);
INSERT INTO images (filename, hidden, configId, recentFirst, recentLast, recentTitle, "left", top, "right", bottom, brightness, contrast, rotation) VALUES ('IMG_4776.jpg', 0, 1, 'paul', 'johnson', 'Team Member', 0, 0, 0, 0, 1, 1, 0);
INSERT INTO images (filename, hidden, configId, recentFirst, recentLast, recentTitle, "left", top, "right", bottom, brightness, contrast, rotation) VALUES ('IMG_4777.jpg', 0, 1, NULL, NULL, NULL, 0, 0, 0, 0, 1, 1, 0);
INSERT INTO images (filename, hidden, configId, recentFirst, recentLast, recentTitle, "left", top, "right", bottom, brightness, contrast, rotation) VALUES ('IMG_4778.jpg', 0, 1, 'lynn', 'hawkins', 'Team Member', 0, 0.2, 0, 0, 1.8, 1, 0);
INSERT INTO images (filename, hidden, configId, recentFirst, recentLast, recentTitle, "left", top, "right", bottom, brightness, contrast, rotation) VALUES ('IMG_4779.jpg', 0, 1, 'sarah', 'hamaia', 'Team Member', 0, 0.2, 0, 0.2, 1, 1, 0);
INSERT INTO images (filename, hidden, configId, recentFirst, recentLast, recentTitle, "left", top, "right", bottom, brightness, contrast, rotation) VALUES ('IMG_4780.jpg', 0, 1, 'ann', 'ding', 'Team Member', 0, 0, 0, 0, 1, 1, 0);
INSERT INTO images (filename, hidden, configId, recentFirst, recentLast, recentTitle, "left", top, "right", bottom, brightness, contrast, rotation) VALUES ('IMG_4781.jpg', 0, 1, 'alison', 'brock', 'Team Member', 0.1, 0.2, 0, 0, 1, 1, 0);
INSERT INTO images (filename, hidden, configId, recentFirst, recentLast, recentTitle, "left", top, "right", bottom, brightness, contrast, rotation) VALUES ('IMG_4782.jpg', 0, 1, 'eliane', 'hamaia', 'Team Member', 0, 0, 0, 0, 1, 1, 0);
INSERT INTO images (filename, hidden, configId, recentFirst, recentLast, recentTitle, "left", top, "right", bottom, brightness, contrast, rotation) VALUES ('IMG_4783.jpg', 0, 1, NULL, NULL, NULL, 0, 0, 0, 0, 1, 1, 0);
INSERT INTO images (filename, hidden, configId, recentFirst, recentLast, recentTitle, "left", top, "right", bottom, brightness, contrast, rotation) VALUES ('IMG_4784.jpg', 0, 1, NULL, NULL, NULL, 0, 0, 0, 0, 1, 1, 0);
INSERT INTO images (filename, hidden, configId, recentFirst, recentLast, recentTitle, "left", top, "right", bottom, brightness, contrast, rotation) VALUES ('IMG_4785.jpg', 0, 1, 'rowan', 'braam', 'Team Member', 0, 0, 0, 0, 1, 1, 0);
INSERT INTO images (filename, hidden, configId, recentFirst, recentLast, recentTitle, "left", top, "right", bottom, brightness, contrast, rotation) VALUES ('IMG_4786.jpg', 0, 1, NULL, NULL, NULL, 0, 0, 0, 0, 1, 1, 0);
INSERT INTO images (filename, hidden, configId, recentFirst, recentLast, recentTitle, "left", top, "right", bottom, brightness, contrast, rotation) VALUES ('IMG_4787.jpg', 0, 1, NULL, NULL, NULL, 0, 0, 0, 0, 1, 1, 0);
INSERT INTO images (filename, hidden, configId, recentFirst, recentLast, recentTitle, "left", top, "right", bottom, brightness, contrast, rotation) VALUES ('IMG_4788.jpg', 0, 1, NULL, NULL, NULL, 0, 0, 0, 0, 1, 1, 0);
INSERT INTO images (filename, hidden, configId, recentFirst, recentLast, recentTitle, "left", top, "right", bottom, brightness, contrast, rotation) VALUES ('IMG_4789.jpg', 0, 1, 'alfie', 'whyatt', 'Team Member', 0.3, 0.08, 0.2, 0, 1, 1, 0);
INSERT INTO images (filename, hidden, configId, recentFirst, recentLast, recentTitle, "left", top, "right", bottom, brightness, contrast, rotation) VALUES ('IMG_4790.jpg', 0, 1, NULL, NULL, NULL, 0, 0, 0, 0, 1, 1, 0);
INSERT INTO images (filename, hidden, configId, recentFirst, recentLast, recentTitle, "left", top, "right", bottom, brightness, contrast, rotation) VALUES ('IMG_4791.jpg', 0, 1, 'sophie', 'wilkinson', 'Team Member', 0.15, 0, 0.15, 0, 1, 1, 0);
INSERT INTO images (filename, hidden, configId, recentFirst, recentLast, recentTitle, "left", top, "right", bottom, brightness, contrast, rotation) VALUES ('IMG_4792.jpg', 0, 1, 'daniel', 'stone', 'Team Member', 0.2, 0, 0.15, 0, 1, 1, 0);
INSERT INTO images (filename, hidden, configId, recentFirst, recentLast, recentTitle, "left", top, "right", bottom, brightness, contrast, rotation) VALUES ('IMG_4793.jpg', 0, 1, NULL, NULL, NULL, 0, 0, 0, 0, 1, 1, 0);
INSERT INTO images (filename, hidden, configId, recentFirst, recentLast, recentTitle, "left", top, "right", bottom, brightness, contrast, rotation) VALUES ('IMG_4794.jpg', 0, 1, 'trudy', 'reid', 'Team Member', 0.25, 0, 0.23, 0, 1, 1, 0);
INSERT INTO images (filename, hidden, configId, recentFirst, recentLast, recentTitle, "left", top, "right", bottom, brightness, contrast, rotation) VALUES ('IMG_4795.jpg', 0, 1, NULL, NULL, NULL, 0, 0, 0, 0, 1, 1, 0);
INSERT INTO images (filename, hidden, configId, recentFirst, recentLast, recentTitle, "left", top, "right", bottom, brightness, contrast, rotation) VALUES ('IMG_4796.jpg', 0, 1, 'greg', 'reid', 'Team Member', 0.2, 0, 0.3, 0, 1, 1, 0);
INSERT INTO images (filename, hidden, configId, recentFirst, recentLast, recentTitle, "left", top, "right", bottom, brightness, contrast, rotation) VALUES ('IMG_4797.jpg', 0, 1, NULL, NULL, NULL, 0, 0, 0, 0, 1, 1, 0);
INSERT INTO images (filename, hidden, configId, recentFirst, recentLast, recentTitle, "left", top, "right", bottom, brightness, contrast, rotation) VALUES ('IMG_4798.jpg', 0, 1, NULL, NULL, NULL, 0, 0, 0, 0, 1, 1, 0);
INSERT INTO images (filename, hidden, configId, recentFirst, recentLast, recentTitle, "left", top, "right", bottom, brightness, contrast, rotation) VALUES ('IMG_4799.jpg', 0, 1, 'heather', 'dickerson', 'Team Member', 0.3, 0.08, 0.3, 0, 1, 1, 0);
INSERT INTO images (filename, hidden, configId, recentFirst, recentLast, recentTitle, "left", top, "right", bottom, brightness, contrast, rotation) VALUES ('IMG_4800.jpg', 0, 1, 'caroline', 'north', 'Leader', 0.3, 0, 0.2, 0, 1, 1, 0);
INSERT INTO images (filename, hidden, configId, recentFirst, recentLast, recentTitle, "left", top, "right", bottom, brightness, contrast, rotation) VALUES ('IMG_4801.jpg', 0, 1, 'tim', 'north', 'Leader', 0.29, 0, 0.27, 0.12, 1, 1, 0);
INSERT INTO images (filename, hidden, configId, recentFirst, recentLast, recentTitle, "left", top, "right", bottom, brightness, contrast, rotation) VALUES ('IMG_4802.jpg', 0, 1, 'jonny', 'staplehurst', 'Leader', 0.3, 0, 0.25, 0, 1, 1, 0);
INSERT INTO images (filename, hidden, configId, recentFirst, recentLast, recentTitle, "left", top, "right", bottom, brightness, contrast, rotation) VALUES ('IMG_4803.jpg', 0, 1, 'steve', 'whyatt', 'Leader', 0.2, 0, 0.2, 0, 1, 1, 0);
INSERT INTO images (filename, hidden, configId, recentFirst, recentLast, recentTitle, "left", top, "right", bottom, brightness, contrast, rotation) VALUES ('IMG_4804.jpg', 0, 1, 'andy', 'staplehurst', 'Leader', 0.3, 0, 0.3, 0, 2, 1, 0);
INSERT INTO images (filename, hidden, configId, recentFirst, recentLast, recentTitle, "left", top, "right", bottom, brightness, contrast, rotation) VALUES ('IMG_4805.jpg', 0, 1, NULL, NULL, NULL, 0, 0, 0, 0, 1, 1, 0);
INSERT INTO images (filename, hidden, configId, recentFirst, recentLast, recentTitle, "left", top, "right", bottom, brightness, contrast, rotation) VALUES ('IMG_4806.jpg', 0, 1, NULL, NULL, NULL, 0, 0, 0, 0, 1, 1, 0);
INSERT INTO images (filename, hidden, configId, recentFirst, recentLast, recentTitle, "left", top, "right", bottom, brightness, contrast, rotation) VALUES ('IMG_4807.jpg', 0, 1, NULL, NULL, NULL, 0, 0, 0, 0, 1, 1, 0);
INSERT INTO images (filename, hidden, configId, recentFirst, recentLast, recentTitle, "left", top, "right", bottom, brightness, contrast, rotation) VALUES ('IMG_4808.jpg', 0, 1, NULL, NULL, NULL, 0, 0, 0, 0, 1, 1, 0);
INSERT INTO images (filename, hidden, configId, recentFirst, recentLast, recentTitle, "left", top, "right", bottom, brightness, contrast, rotation) VALUES ('IMG_4809.jpg', 0, 1, NULL, NULL, NULL, 0, 0, 0, 0, 1, 1, 0);
INSERT INTO images (filename, hidden, configId, recentFirst, recentLast, recentTitle, "left", top, "right", bottom, brightness, contrast, rotation) VALUES ('IMG_4810.jpg', 0, 1, NULL, NULL, NULL, 0, 0, 0, 0, 1, 1, 0);
INSERT INTO images (filename, hidden, configId, recentFirst, recentLast, recentTitle, "left", top, "right", bottom, brightness, contrast, rotation) VALUES ('IMG_4811.jpg', 0, 1, NULL, NULL, NULL, 0, 0, 0, 0, 1, 1, 0);
INSERT INTO images (filename, hidden, configId, recentFirst, recentLast, recentTitle, "left", top, "right", bottom, brightness, contrast, rotation) VALUES ('IMG_4812.jpg', 0, 1, NULL, NULL, NULL, 0, 0, 0, 0, 1, 1, 0);
INSERT INTO images (filename, hidden, configId, recentFirst, recentLast, recentTitle, "left", top, "right", bottom, brightness, contrast, rotation) VALUES ('IMG_4813.jpg', 0, 1, NULL, NULL, NULL, 0, 0, 0, 0, 1, 1, 0);
INSERT INTO images (filename, hidden, configId, recentFirst, recentLast, recentTitle, "left", top, "right", bottom, brightness, contrast, rotation) VALUES ('IMG_4814.jpg', 0, 1, 'erica', 'scott', 'Team Member', 0.27, 0.1, 0.25, 0, 1, 1, 0);
INSERT INTO images (filename, hidden, configId, recentFirst, recentLast, recentTitle, "left", top, "right", bottom, brightness, contrast, rotation) VALUES ('IMG_4815.jpg', 0, 1, NULL, NULL, NULL, 0, 0, 0, 0, 1, 1, 0);
INSERT INTO images (filename, hidden, configId, recentFirst, recentLast, recentTitle, "left", top, "right", bottom, brightness, contrast, rotation) VALUES ('IMG_4816.jpg', 0, 1, 'callum', 'dickerson', 'Team Member', 0.2, 0, 0.3, 0, 1, 1, 0);
INSERT INTO images (filename, hidden, configId, recentFirst, recentLast, recentTitle, "left", top, "right", bottom, brightness, contrast, rotation) VALUES ('IMG_4817.jpg', 0, 1, 'daniel', 'rowland', 'Team Member', 0.1, 0.15, 0.1, 0.15, 1, 1, 0);
INSERT INTO images (filename, hidden, configId, recentFirst, recentLast, recentTitle, "left", top, "right", bottom, brightness, contrast, rotation) VALUES ('IMG_4818.jpg', 0, 1, NULL, NULL, NULL, 0, 0, 0, 0, 1, 1, 0);
INSERT INTO images (filename, hidden, configId, recentFirst, recentLast, recentTitle, "left", top, "right", bottom, brightness, contrast, rotation) VALUES ('IMG_4819.jpg', 0, 1, NULL, NULL, NULL, 0, 0, 0, 0, 1, 1, 0);
INSERT INTO images (filename, hidden, configId, recentFirst, recentLast, recentTitle, "left", top, "right", bottom, brightness, contrast, rotation) VALUES ('IMG_4820.jpg', 0, 1, 'alice', 'bates', 'Team Member', 0.28, 0.1, 0.18, 0, 1, 1, 0);
INSERT INTO images (filename, hidden, configId, recentFirst, recentLast, recentTitle, "left", top, "right", bottom, brightness, contrast, rotation) VALUES ('IMG_4821.jpg', 0, 1, NULL, NULL, NULL, 0, 0, 0, 0, 1, 1, 0);
INSERT INTO images (filename, hidden, configId, recentFirst, recentLast, recentTitle, "left", top, "right", bottom, brightness, contrast, rotation) VALUES ('IMG_4822.jpg', 0, 1, 'abbie', 'philips', 'Team Member', 0, 0, 0, 0, 1, 1, 0);
INSERT INTO images (filename, hidden, configId, recentFirst, recentLast, recentTitle, "left", top, "right", bottom, brightness, contrast, rotation) VALUES ('IMG_4823.jpg', 0, 1, 'emily', 'staplehurst', 'Team Member', 0.25, 0, 0.3, 0, 1, 1, 0);
INSERT INTO images (filename, hidden, configId, recentFirst, recentLast, recentTitle, "left", top, "right", bottom, brightness, contrast, rotation) VALUES ('IMG_4824.jpg', 0, 1, NULL, NULL, NULL, 0, 0, 0, 0, 1, 1, 0);
INSERT INTO images (filename, hidden, configId, recentFirst, recentLast, recentTitle, "left", top, "right", bottom, brightness, contrast, rotation) VALUES ('IMG_4825.jpg', 0, 1, 'lara', 'hagger', 'Team Member', 0.2, 0, 0.3, 0.45, 1.3, 1, 0);
INSERT INTO images (filename, hidden, configId, recentFirst, recentLast, recentTitle, "left", top, "right", bottom, brightness, contrast, rotation) VALUES ('IMG_4826.jpg', 0, 1, NULL, NULL, NULL, 0, 0, 0, 0, 1, 1, 0);
INSERT INTO images (filename, hidden, configId, recentFirst, recentLast, recentTitle, "left", top, "right", bottom, brightness, contrast, rotation) VALUES ('IMG_4827.jpg', 0, 1, NULL, NULL, NULL, 0, 0, 0, 0, 1, 1, 0);
INSERT INTO images (filename, hidden, configId, recentFirst, recentLast, recentTitle, "left", top, "right", bottom, brightness, contrast, rotation) VALUES ('IMG_4828.jpg', 0, 1, NULL, NULL, NULL, 0, 0, 0, 0, 1, 1, 0);
INSERT INTO images (filename, hidden, configId, recentFirst, recentLast, recentTitle, "left", top, "right", bottom, brightness, contrast, rotation) VALUES ('IMG_4829.jpg', 0, 1, 'ellen', 'whyatt', 'Team Member', 0, 0, 0, 0, 1, 1, 0);
INSERT INTO images (filename, hidden, configId, recentFirst, recentLast, recentTitle, "left", top, "right", bottom, brightness, contrast, rotation) VALUES ('IMG_4830.jpg', 0, 1, 'rachel', 'owen', 'Team Member', 0, 0, 0, 0, 1, 1, 0);
INSERT INTO images (filename, hidden, configId, recentFirst, recentLast, recentTitle, "left", top, "right", bottom, brightness, contrast, rotation) VALUES ('IMG_4831.jpg', 0, 1, 'ben', 'rowland', 'Team Member', 0, 0, 0, 0, 2, 1, 0);
INSERT INTO images (filename, hidden, configId, recentFirst, recentLast, recentTitle, "left", top, "right", bottom, brightness, contrast, rotation) VALUES ('IMG_4832.jpg', 0, 1, NULL, NULL, NULL, 0, 0, 0, 0, 1, 1, 0);
INSERT INTO images (filename, hidden, configId, recentFirst, recentLast, recentTitle, "left", top, "right", bottom, brightness, contrast, rotation) VALUES ('IMG_4833.jpg', 0, 1, 'felix', 'osborne', 'Team Member', 0.3, 0, 0.17, 0, 1, 1, 0);
INSERT INTO images (filename, hidden, configId, recentFirst, recentLast, recentTitle, "left", top, "right", bottom, brightness, contrast, rotation) VALUES ('IMG_4834.jpg', 0, 1, NULL, NULL, NULL, 0, 0, 0, 0, 1, 1, 0);
INSERT INTO images (filename, hidden, configId, recentFirst, recentLast, recentTitle, "left", top, "right", bottom, brightness, contrast, rotation) VALUES ('IMG_4835.jpg', 0, 1, 'mark', 'ashton', 'Team Member', 0.23, 0, 0.23, 0, 2, 1, 0);
INSERT INTO images (filename, hidden, configId, recentFirst, recentLast, recentTitle, "left", top, "right", bottom, brightness, contrast, rotation) VALUES ('IMG_4836.jpg', 0, 1, 'Paul', 'Johnson', 'Team Member', 0.25, 0.03, 0.3, 0, 1, 1, 0);
INSERT INTO images (filename, hidden, configId, recentFirst, recentLast, recentTitle, "left", top, "right", bottom, brightness, contrast, rotation) VALUES ('IMG_4837.jpg', 0, 1, 'julia', 'au', 'Team Member', 0, 0.2, 0, 0, 1.4, 1, -90);
INSERT INTO images (filename, hidden, configId, recentFirst, recentLast, recentTitle, "left", top, "right", bottom, brightness, contrast, rotation) VALUES ('IMG_4838.jpg', 0, 1, NULL, NULL, NULL, 0, 0, 0, 0, 1, 1, 0);
INSERT INTO images (filename, hidden, configId, recentFirst, recentLast, recentTitle, "left", top, "right", bottom, brightness, contrast, rotation) VALUES ('IMG_4839.jpg', 0, 1, 'ruth', 'barry', 'Team Member', 0.2, 0.2, 0.2, 0.2, 1.5, 1, 0);
INSERT INTO images (filename, hidden, configId, recentFirst, recentLast, recentTitle, "left", top, "right", bottom, brightness, contrast, rotation) VALUES ('IMG_4840.jpg', 0, 1, NULL, NULL, NULL, 0, 0, 0, 0, 1, 1, 0);
INSERT INTO images (filename, hidden, configId, recentFirst, recentLast, recentTitle, "left", top, "right", bottom, brightness, contrast, rotation) VALUES ('IMG_4841.jpg', 0, 1, 'olivia', 'durrant', 'Team Member', 0.1, 0, 0.1, 0, 1.8, 1, 0);
INSERT INTO images (filename, hidden, configId, recentFirst, recentLast, recentTitle, "left", top, "right", bottom, brightness, contrast, rotation) VALUES ('IMG_4842.jpg', 0, 1, 'adam', 'may', 'Team Member', 0, 0, 0, 0, 2.5, 1, 0);
INSERT INTO images (filename, hidden, configId, recentFirst, recentLast, recentTitle, "left", top, "right", bottom, brightness, contrast, rotation) VALUES ('IMG_4843.jpg', 0, 1, NULL, NULL, NULL, 0, 0, 0, 0, 1, 1, 0);
INSERT INTO images (filename, hidden, configId, recentFirst, recentLast, recentTitle, "left", top, "right", bottom, brightness, contrast, rotation) VALUES ('IMG_4844.jpg', 0, 1, NULL, NULL, NULL, 0, 0, 0, 0, 1, 1, 0);
INSERT INTO images (filename, hidden, configId, recentFirst, recentLast, recentTitle, "left", top, "right", bottom, brightness, contrast, rotation) VALUES ('IMG_4845.jpg', 0, 1, 'jenny', 'reed', 'Team Member', 0, 0, 0, 0, 1.8, 1, 0);
INSERT INTO images (filename, hidden, configId, recentFirst, recentLast, recentTitle, "left", top, "right", bottom, brightness, contrast, rotation) VALUES ('IMG_4846.jpg', 0, 1, 'julia', 'stone', 'Team Member', 0.1, 0, 0.3, 0, 1.8, 1, 0);
INSERT INTO images (filename, hidden, configId, recentFirst, recentLast, recentTitle, "left", top, "right", bottom, brightness, contrast, rotation) VALUES ('IMG_0011.JPG', 1, 2, NULL, NULL, NULL, 0, 0, 0, 0, 1, 1, 0);
INSERT INTO images (filename, hidden, configId, recentFirst, recentLast, recentTitle, "left", top, "right", bottom, brightness, contrast, rotation) VALUES ('IMG_0012.JPG', 1, 2, NULL, NULL, NULL, 0, 0, 0, 0, 1, 1, 0);
INSERT INTO images (filename, hidden, configId, recentFirst, recentLast, recentTitle, "left", top, "right", bottom, brightness, contrast, rotation) VALUES ('IMG_0013.JPG', 1, 2, NULL, NULL, NULL, 0, 0, 0, 0, 1, 1, 0);
INSERT INTO images (filename, hidden, configId, recentFirst, recentLast, recentTitle, "left", top, "right", bottom, brightness, contrast, rotation) VALUES ('IMG_0014.JPG', 1, 2, NULL, NULL, NULL, 0, 0, 0, 0, 1, 1, 0);
INSERT INTO images (filename, hidden, configId, recentFirst, recentLast, recentTitle, "left", top, "right", bottom, brightness, contrast, rotation) VALUES ('IMG_0015.JPG', 1, 2, NULL, NULL, NULL, 0, 0, 0, 0, 1, 1, 0);
INSERT INTO images (filename, hidden, configId, recentFirst, recentLast, recentTitle, "left", top, "right", bottom, brightness, contrast, rotation) VALUES ('IMG_0016.JPG', 1, 2, NULL, NULL, NULL, 0, 0, 0, 0, 1, 1, 0);
INSERT INTO images (filename, hidden, configId, recentFirst, recentLast, recentTitle, "left", top, "right", bottom, brightness, contrast, rotation) VALUES ('IMG_0017.JPG', 1, 2, NULL, NULL, NULL, 0, 0, 0, 0, 1, 1, 0);
INSERT INTO images (filename, hidden, configId, recentFirst, recentLast, recentTitle, "left", top, "right", bottom, brightness, contrast, rotation) VALUES ('IMG_0018.JPG', 1, 2, NULL, NULL, NULL, 0, 0, 0, 0, 1, 1, 0);
INSERT INTO images (filename, hidden, configId, recentFirst, recentLast, recentTitle, "left", top, "right", bottom, brightness, contrast, rotation) VALUES ('IMG_0018.JPG.0.6467700001576275.jpg', 1, 2, NULL, NULL, NULL, 0, 0, 0, 0, 1, 1, 0);
INSERT INTO images (filename, hidden, configId, recentFirst, recentLast, recentTitle, "left", top, "right", bottom, brightness, contrast, rotation) VALUES ('IMG_0019.JPG', 1, 2, 'Danny', 'Sam', 'mexican tacos', 0, 0, 0, 0, 1, 1, 0);
INSERT INTO images (filename, hidden, configId, recentFirst, recentLast, recentTitle, "left", top, "right", bottom, brightness, contrast, rotation) VALUES ('IMG_0019.JPG.0.019291291208269667.jpg', 1, 2, NULL, NULL, NULL, 0, 0, 0, 0, 1, 1, 0);
INSERT INTO images (filename, hidden, configId, recentFirst, recentLast, recentTitle, "left", top, "right", bottom, brightness, contrast, rotation) VALUES ('IMG_4871.JPG', 1, 2, NULL, NULL, NULL, 0, 0, 0, 0, 1, 1, 0);
INSERT INTO images (filename, hidden, configId, recentFirst, recentLast, recentTitle, "left", top, "right", bottom, brightness, contrast, rotation) VALUES ('IMG_0020.JPG', 1, 2, NULL, NULL, NULL, 0, 0, 0, 0, 1, 1, 0);
INSERT INTO images (filename, hidden, configId, recentFirst, recentLast, recentTitle, "left", top, "right", bottom, brightness, contrast, rotation) VALUES ('IMG_4874.JPG', 1, 2, NULL, NULL, NULL, 0, 0, 0, 0, 1, 1, 0);
INSERT INTO images (filename, hidden, configId, recentFirst, recentLast, recentTitle, "left", top, "right", bottom, brightness, contrast, rotation) VALUES ('IMG_4875.JPG', 1, 2, NULL, NULL, NULL, 0, 0, 0, 0, 1, 1, 0);
INSERT INTO images (filename, hidden, configId, recentFirst, recentLast, recentTitle, "left", top, "right", bottom, brightness, contrast, rotation) VALUES ('IMG_4876.JPG', 1, 2, NULL, NULL, NULL, 0, 0, 0, 0, 1, 1, 0);
INSERT INTO images (filename, hidden, configId, recentFirst, recentLast, recentTitle, "left", top, "right", bottom, brightness, contrast, rotation) VALUES ('IMG_4877.JPG', 1, 2, NULL, NULL, NULL, 0, 0, 0, 0, 1, 1, 0);
INSERT INTO images (filename, hidden, configId, recentFirst, recentLast, recentTitle, "left", top, "right", bottom, brightness, contrast, rotation) VALUES ('IMG_4878.JPG', 1, 2, NULL, NULL, NULL, 0, 0, 0, 0, 1, 1, 0);
INSERT INTO images (filename, hidden, configId, recentFirst, recentLast, recentTitle, "left", top, "right", bottom, brightness, contrast, rotation) VALUES ('IMG_4879.JPG', 1, 2, NULL, NULL, NULL, 0, 0, 0, 0, 1, 1, 0);
INSERT INTO images (filename, hidden, configId, recentFirst, recentLast, recentTitle, "left", top, "right", bottom, brightness, contrast, rotation) VALUES ('IMG_4880.JPG', 1, 2, NULL, NULL, NULL, 0, 0, 0, 0, 1, 1, 0);
INSERT INTO images (filename, hidden, configId, recentFirst, recentLast, recentTitle, "left", top, "right", bottom, brightness, contrast, rotation) VALUES ('IMG_4881.JPG', 1, 2, NULL, NULL, NULL, 0, 0, 0, 0, 1, 1, 0);
INSERT INTO images (filename, hidden, configId, recentFirst, recentLast, recentTitle, "left", top, "right", bottom, brightness, contrast, rotation) VALUES ('IMG_4882.JPG', 1, 2, NULL, NULL, NULL, 0, 0, 0, 0, 1, 1, 0);
INSERT INTO images (filename, hidden, configId, recentFirst, recentLast, recentTitle, "left", top, "right", bottom, brightness, contrast, rotation) VALUES ('Darren White.JPG', 0, 1, NULL, NULL, NULL, 0, 0, 0, 0, 1, 1, 0);
INSERT INTO images (filename, hidden, configId, recentFirst, recentLast, recentTitle, "left", top, "right", bottom, brightness, contrast, rotation) VALUES ('Dickon_Reed.JPG', 0, 1, 'dickon', 'reed', 'Leader', 0, 0, 0, 0, 1, 1, 0);
INSERT INTO images (filename, hidden, configId, recentFirst, recentLast, recentTitle, "left", top, "right", bottom, brightness, contrast, rotation) VALUES ('Eliane Hamaia.JPG', 0, 1, NULL, NULL, NULL, 0, 0, 0, 0, 1, 1, 0);
INSERT INTO images (filename, hidden, configId, recentFirst, recentLast, recentTitle, "left", top, "right", bottom, brightness, contrast, rotation) VALUES ('Barbara Ashton.JPG', 0, 1, 'Barbara', 'Ashton', 'Team Member', 0, 0, 0, 0, 1, 1, 0);
INSERT INTO images (filename, hidden, configId, recentFirst, recentLast, recentTitle, "left", top, "right", bottom, brightness, contrast, rotation) VALUES ('Natalie Palmer.JPG', 0, 1, 'natalie', 'Palmer', 'Team Member', 0, 0, 0, 0, 1, 1, 0);
INSERT INTO images (filename, hidden, configId, recentFirst, recentLast, recentTitle, "left", top, "right", bottom, brightness, contrast, rotation) VALUES ('IMG_4884.JPG', 1, 2, NULL, NULL, NULL, 0, 0, 0, 0, 1, 1, 0);
INSERT INTO images (filename, hidden, configId, recentFirst, recentLast, recentTitle, "left", top, "right", bottom, brightness, contrast, rotation) VALUES ('IMG_4883.JPG', 0, 1, 'rebecca', 'morgan', 'Team Member', 0.2, 0.05, 0.3, 0, 1, 1, 0);
INSERT INTO images (filename, hidden, configId, recentFirst, recentLast, recentTitle, "left", top, "right", bottom, brightness, contrast, rotation) VALUES ('IMG_4884.JPG', 0, 1, NULL, NULL, NULL, 0, 0, 0, 0, 1, 1, 0);
INSERT INTO images (filename, hidden, configId, recentFirst, recentLast, recentTitle, "left", top, "right", bottom, brightness, contrast, rotation) VALUES ('IMG_4885.JPG', 0, 1, 'bradley', 'mcmahnon', 'Team Member', 0.2, 0.08, 0.3, 0, 1, 1, 0);
INSERT INTO images (filename, hidden, configId, recentFirst, recentLast, recentTitle, "left", top, "right", bottom, brightness, contrast, rotation) VALUES ('IMG_4886.JPG', 1, 2, NULL, NULL, NULL, 0, 0, 0, 0, 1, 1, 0);
INSERT INTO images (filename, hidden, configId, recentFirst, recentLast, recentTitle, "left", top, "right", bottom, brightness, contrast, rotation) VALUES ('IMG_4887.JPG', 1, 2, 'Joel', 'Cornwell', 'english breakfast', 0, 0, 0, 0, 1, 1, 0);
INSERT INTO images (filename, hidden, configId, recentFirst, recentLast, recentTitle, "left", top, "right", bottom, brightness, contrast, rotation) VALUES ('IMG_4888.JPG', 1, 2, 'Emily', 'Kellow', 'mexican tacos', 0, 0, 0, 0, 1, 1, 0);
INSERT INTO images (filename, hidden, configId, recentFirst, recentLast, recentTitle, "left", top, "right", bottom, brightness, contrast, rotation) VALUES ('IMG_4889.JPG', 1, 2, 'Archie', 'Rigby', 'irish stew', 0, 0, 0, 0, 1, 1, 0);
INSERT INTO images (filename, hidden, configId, recentFirst, recentLast, recentTitle, "left", top, "right", bottom, brightness, contrast, rotation) VALUES ('IMG_4890.JPG', 1, 2, 'Lauren', 'unknown', 'unknown', 0, 0, 0, 0, 1, 1, 0);
INSERT INTO images (filename, hidden, configId, recentFirst, recentLast, recentTitle, "left", top, "right", bottom, brightness, contrast, rotation) VALUES ('IMG_4891.JPG', 1, 2, 'Daisy', 'Rudge', 'swedish meatballs', 0, 0, 0, 0, 1, 1, 0);
INSERT INTO images (filename, hidden, configId, recentFirst, recentLast, recentTitle, "left", top, "right", bottom, brightness, contrast, rotation) VALUES ('IMG_4892.JPG', 1, 2, 'Izzy', 'Lord', 'swedish meatballs', 0, 0, 0, 0, 1, 1, 0);
INSERT INTO images (filename, hidden, configId, recentFirst, recentLast, recentTitle, "left", top, "right", bottom, brightness, contrast, rotation) VALUES ('IMG_4893.JPG', 1, 2, 'Lily', 'Robinson', 'english breakfast', 0, 0, 0, 0, 1, 1, 0);
INSERT INTO images (filename, hidden, configId, recentFirst, recentLast, recentTitle, "left", top, "right", bottom, brightness, contrast, rotation) VALUES ('IMG_4894.JPG', 1, 2, 'Daniel', 'May', 'swedish meatballs', 0, 0, 0, 0, 1, 1, 0);
INSERT INTO images (filename, hidden, configId, recentFirst, recentLast, recentTitle, "left", top, "right", bottom, brightness, contrast, rotation) VALUES ('IMG_4895.JPG', 1, 2, 'Tom', 'Robinson', 'swedish meatballs', 0, 0, 0, 0, 1, 1, 0);
INSERT INTO images (filename, hidden, configId, recentFirst, recentLast, recentTitle, "left", top, "right", bottom, brightness, contrast, rotation) VALUES ('IMG_4896.JPG', 1, 2, 'Joe', 'Rudge', 'swedish meatballs', 0, 0, 0, 0, 1, 1, 0);
INSERT INTO images (filename, hidden, configId, recentFirst, recentLast, recentTitle, "left", top, "right", bottom, brightness, contrast, rotation) VALUES ('IMG_4897.JPG', 1, 2, 'Jacob', 'Barry', 'unknown', 0, 0, 0, 0, 1, 1, 0);
INSERT INTO images (filename, hidden, configId, recentFirst, recentLast, recentTitle, "left", top, "right", bottom, brightness, contrast, rotation) VALUES ('IMG_4898.JPG', 1, 2, 'Scott', 'Painter', 'english breakfast', 0, 0, 0, 0, 1, 1, 0);
INSERT INTO images (filename, hidden, configId, recentFirst, recentLast, recentTitle, "left", top, "right", bottom, brightness, contrast, rotation) VALUES ('IMG_4899.JPG', 1, 2, 'Harry', 'Williamson', 'aussie bbq', 0, 0, 0, 0, 1, 1, 0);
INSERT INTO images (filename, hidden, configId, recentFirst, recentLast, recentTitle, "left", top, "right", bottom, brightness, contrast, rotation) VALUES ('IMG_4900.JPG', 1, 2, 'Miriam', 'Meeks', 'greek salad', 0, 0, 0, 0, 1, 1, 0);
INSERT INTO images (filename, hidden, configId, recentFirst, recentLast, recentTitle, "left", top, "right", bottom, brightness, contrast, rotation) VALUES ('IMG_4901.JPG', 1, 2, 'Kelsey', 'Scotland', 'greek salad', 0, 0, 0, 0, 1, 1, 0);
INSERT INTO images (filename, hidden, configId, recentFirst, recentLast, recentTitle, "left", top, "right", bottom, brightness, contrast, rotation) VALUES ('IMG_4902.JPG', 1, 2, 'Elizabeth', 'Meeks', 'greek salad', 0, 0, 0, 0, 1, 1, 0);
INSERT INTO images (filename, hidden, configId, recentFirst, recentLast, recentTitle, "left", top, "right", bottom, brightness, contrast, rotation) VALUES ('IMG_4903.JPG', 1, 2, 'Anna', 'Horrex', 'aussie bbq', 0, 0, 0, 0, 1, 1, 0);
INSERT INTO images (filename, hidden, configId, recentFirst, recentLast, recentTitle, "left", top, "right", bottom, brightness, contrast, rotation) VALUES ('IMG_4904.JPG', 1, 2, 'Esther', 'Horrex', 'aussie bbq', 0, 0, 0, 0, 1, 1, 0);
INSERT INTO images (filename, hidden, configId, recentFirst, recentLast, recentTitle, "left", top, "right", bottom, brightness, contrast, rotation) VALUES ('IMG_4905.JPG', 0, 2, 'Millie', 'Durrant', 'mexican tacos', 0, 0, 0, 0, 1, 1, 0);
INSERT INTO images (filename, hidden, configId, recentFirst, recentLast, recentTitle, "left", top, "right", bottom, brightness, contrast, rotation) VALUES ('IMG_4906.JPG', 0, 2, 'Eliana', 'Nicholas', 'mexican tacos', 0, 0, 0, 0, 1, 1, 0);
INSERT INTO images (filename, hidden, configId, recentFirst, recentLast, recentTitle, "left", top, "right", bottom, brightness, contrast, rotation) VALUES ('IMG_4907.JPG', 0, 2, 'Emilia', 'Rowland', NULL, 0, 0, 0, 0, 1, 1, 0);
INSERT INTO images (filename, hidden, configId, recentFirst, recentLast, recentTitle, "left", top, "right", bottom, brightness, contrast, rotation) VALUES ('IMG_4908.JPG', 0, 2, 'Elizabeth', 'Dear', 'german sausage', 0, 0, 0, 0, 1, 1, 0);
INSERT INTO images (filename, hidden, configId, recentFirst, recentLast, recentTitle, "left", top, "right", bottom, brightness, contrast, rotation) VALUES ('IMG_4909.JPG', 1, 2, 'Esther', 'Hawkins', 'greek salad', 0, 0, 0, 0, 1, 1, 0);
INSERT INTO images (filename, hidden, configId, recentFirst, recentLast, recentTitle, "left", top, "right", bottom, brightness, contrast, rotation) VALUES ('IMG_4910.JPG', 0, 2, 'Suzannah', 'White', 'english breakfast', 0, 0, 0, 0, 1, 1, 0);
INSERT INTO images (filename, hidden, configId, recentFirst, recentLast, recentTitle, "left", top, "right", bottom, brightness, contrast, rotation) VALUES ('IMG_4911.JPG', 0, 2, 'Oliver', 'White', 'unknown', 0, 0, 0, 0, 1, 1, 0);
INSERT INTO images (filename, hidden, configId, recentFirst, recentLast, recentTitle, "left", top, "right", bottom, brightness, contrast, rotation) VALUES ('IMG_4912.JPG', 0, 2, 'Reuben', 'Wilson', 'english breakfast', 0, 0, 0, 0, 1, 1, 0);
INSERT INTO images (filename, hidden, configId, recentFirst, recentLast, recentTitle, "left", top, "right", bottom, brightness, contrast, rotation) VALUES ('IMG_4913.JPG', 0, 2, 'Ben', 'Bradford', 'unknown', 0, 0, 0, 0, 1, 1, 0);
INSERT INTO images (filename, hidden, configId, recentFirst, recentLast, recentTitle, "left", top, "right", bottom, brightness, contrast, rotation) VALUES ('IMG_4914.JPG', 0, 2, 'Thomas', 'Bradford', 'irish stew', 0, 0, 0, 0, 1, 1, 0);
INSERT INTO images (filename, hidden, configId, recentFirst, recentLast, recentTitle, "left", top, "right", bottom, brightness, contrast, rotation) VALUES ('IMG_4915.JPG', 0, 2, 'Katie', 'Roach', 'english breakfast', 0, 0, 0, 0, 1, 1, 0);
INSERT INTO images (filename, hidden, configId, recentFirst, recentLast, recentTitle, "left", top, "right", bottom, brightness, contrast, rotation) VALUES ('IMG_4916.JPG', 0, 2, 'Thomas', 'Deakin', 'swedish meatballs', 0, 0, 0, 0, 1, 1, 0);
INSERT INTO images (filename, hidden, configId, recentFirst, recentLast, recentTitle, "left", top, "right", bottom, brightness, contrast, rotation) VALUES ('IMG_4917.JPG', 0, 2, 'Talulla', 'Osborne', 'mexican tacos', 0, 0, 0, 0, 1, 1, 0);
INSERT INTO images (filename, hidden, configId, recentFirst, recentLast, recentTitle, "left", top, "right", bottom, brightness, contrast, rotation) VALUES ('IMG_4918.JPG', 0, 2, 'Jamie', 'Roach', 'belgian chocolates', 0, 0, 0, 0, 1, 1, 0);
INSERT INTO images (filename, hidden, configId, recentFirst, recentLast, recentTitle, "left", top, "right", bottom, brightness, contrast, rotation) VALUES ('IMG_4919.JPG', 0, 2, 'William', 'McKinley', 'belgian chocolates', 0, 0, 0, 0, 1, 1, 0);
INSERT INTO images (filename, hidden, configId, recentFirst, recentLast, recentTitle, "left", top, "right", bottom, brightness, contrast, rotation) VALUES ('IMG_4920.JPG', 0, 2, 'Jacob', 'Roberts', 'english breakfast', 0, 0, 0, 0, 1, 1, 0);
INSERT INTO images (filename, hidden, configId, recentFirst, recentLast, recentTitle, "left", top, "right", bottom, brightness, contrast, rotation) VALUES ('IMG_4921.JPG', 0, 2, 'Jacob', 'Roberts', 'english breakfast', 0, 0, 0, 0, 1, 1, 0);
INSERT INTO images (filename, hidden, configId, recentFirst, recentLast, recentTitle, "left", top, "right", bottom, brightness, contrast, rotation) VALUES ('IMG_4922.JPG', 0, 2, 'Jasmine', 'Jackson', 'irish stew', 0, 0, 0, 0, 1, 1, 0);
INSERT INTO images (filename, hidden, configId, recentFirst, recentLast, recentTitle, "left", top, "right", bottom, brightness, contrast, rotation) VALUES ('IMG_4923.JPG', 0, 2, 'Anoushka', 'Jackson', 'irish stew', 0, 0, 0, 0, 1, 1, 0);
INSERT INTO images (filename, hidden, configId, recentFirst, recentLast, recentTitle, "left", top, "right", bottom, brightness, contrast, rotation) VALUES ('IMG_4924.JPG', 0, 2, 'William', 'Stone', 'belgian chocolates', 0, 0, 0, 0, 1, 1, 0);
INSERT INTO images (filename, hidden, configId, recentFirst, recentLast, recentTitle, "left", top, "right", bottom, brightness, contrast, rotation) VALUES ('IMG_4925.JPG', 0, 2, 'Matthew', 'Jolly', 'aussie bbq', 0, 0, 0, 0, 1, 1, 0);
INSERT INTO images (filename, hidden, configId, recentFirst, recentLast, recentTitle, "left", top, "right", bottom, brightness, contrast, rotation) VALUES ('IMG_4926.JPG', 0, 2, 'Philip', 'Burrows', 'irish stew', 0, 0, 0, 0, 1, 1, 0);
INSERT INTO images (filename, hidden, configId, recentFirst, recentLast, recentTitle, "left", top, "right", bottom, brightness, contrast, rotation) VALUES ('IMG_4927.JPG', 0, 2, 'Natasha', 'Burrows', 'mexican tacos', 0, 0, 0, 0, 1, 1, 0);
INSERT INTO images (filename, hidden, configId, recentFirst, recentLast, recentTitle, "left", top, "right", bottom, brightness, contrast, rotation) VALUES ('IMG_4928.JPG', 0, 2, 'Matthew', 'Cusworth', 'aussie bbq', 0, 0, 0, 0, 1, 1, 0);
INSERT INTO images (filename, hidden, configId, recentFirst, recentLast, recentTitle, "left", top, "right", bottom, brightness, contrast, rotation) VALUES ('IMG_4929.JPG', 1, 2, 'Isabel', 'Turner', 'german sausage', 0, 0, 0, 0, 1, 1, 0);
INSERT INTO images (filename, hidden, configId, recentFirst, recentLast, recentTitle, "left", top, "right", bottom, brightness, contrast, rotation) VALUES ('IMG_4930.JPG', 0, 2, 'Annie', 'Petry', 'irish stew', 0, 0, 0, 0, 1, 1, 0);
INSERT INTO images (filename, hidden, configId, recentFirst, recentLast, recentTitle, "left", top, "right", bottom, brightness, contrast, rotation) VALUES ('IMG_4931.JPG', 0, 2, 'Al', 'Petry', 'irish stew', 0, 0, 0, 0, 1, 1, 0);
INSERT INTO images (filename, hidden, configId, recentFirst, recentLast, recentTitle, "left", top, "right", bottom, brightness, contrast, rotation) VALUES ('IMG_4932.JPG', 0, 2, 'Matthew', 'Baker', 'greek salad', 0, 0, 0, 0, 1, 1, 0);
INSERT INTO images (filename, hidden, configId, recentFirst, recentLast, recentTitle, "left", top, "right", bottom, brightness, contrast, rotation) VALUES ('IMG_4933.JPG', 0, 2, 'Nathan', 'Baker', 'greek salad', 0, 0, 0, 0, 1, 1, 0);
INSERT INTO images (filename, hidden, configId, recentFirst, recentLast, recentTitle, "left", top, "right", bottom, brightness, contrast, rotation) VALUES ('IMG_4934.JPG', 0, 2, 'Joanna', 'Yung', 'german sausage', 0, 0, 0, 0, 1, 1, 0);
INSERT INTO images (filename, hidden, configId, recentFirst, recentLast, recentTitle, "left", top, "right", bottom, brightness, contrast, rotation) VALUES ('IMG_4935.JPG', 0, 2, 'Joel', 'Ng', 'german sausage', 0, 0, 0, 0, 1, 1, 0);
INSERT INTO images (filename, hidden, configId, recentFirst, recentLast, recentTitle, "left", top, "right", bottom, brightness, contrast, rotation) VALUES ('IMG_4936.JPG', 0, 2, 'Amber', 'Williamson', 'aussie bbq', 0, 0, 0, 0, 1, 1, 0);
INSERT INTO images (filename, hidden, configId, recentFirst, recentLast, recentTitle, "left", top, "right", bottom, brightness, contrast, rotation) VALUES ('IMG_4937.JPG', 0, 2, 'sophie', 'everett', 'swedish meatballs', 0, 0, 0, 0, 1, 1, 0);
INSERT INTO images (filename, hidden, configId, recentFirst, recentLast, recentTitle, "left", top, "right", bottom, brightness, contrast, rotation) VALUES ('IMG_4938.JPG', 0, 2, 'Leo', 'Tse', 'german sausage', 0, 0, 0, 0, 1, 1, 0);
INSERT INTO images (filename, hidden, configId, recentFirst, recentLast, recentTitle, "left", top, "right", bottom, brightness, contrast, rotation) VALUES ('IMG_4939.JPG', 0, 2, 'Boaz', 'Au', 'german sausage', 0, 0, 0, 0, 1, 1, 0);
INSERT INTO images (filename, hidden, configId, recentFirst, recentLast, recentTitle, "left", top, "right", bottom, brightness, contrast, rotation) VALUES ('IMG_4886_1.JPG', 1, 2, NULL, NULL, NULL, 0, 0, 0, 0, 1, 1, 0);
INSERT INTO images (filename, hidden, configId, recentFirst, recentLast, recentTitle, "left", top, "right", bottom, brightness, contrast, rotation) VALUES ('IMG_4887_1.JPG', 1, 2, NULL, NULL, NULL, 0, 0, 0, 0, 1, 1, 0);
INSERT INTO images (filename, hidden, configId, recentFirst, recentLast, recentTitle, "left", top, "right", bottom, brightness, contrast, rotation) VALUES ('IMG_4888_1.JPG', 1, 2, 'Danny', 'Sam', 'mexican tacos', 0, 0, 0, 0, 1, 1, 0);
INSERT INTO images (filename, hidden, configId, recentFirst, recentLast, recentTitle, "left", top, "right", bottom, brightness, contrast, rotation) VALUES ('IMG_4889_1.JPG', 0, 2, 'Benny', 'Sam', 'mexican tacos', 0, 0, 0, 0, 1, 1, 0);
INSERT INTO images (filename, hidden, configId, recentFirst, recentLast, recentTitle, "left", top, "right", bottom, brightness, contrast, rotation) VALUES ('IMG_4890_1.JPG', 0, 2, 'Charis', 'Dubberley', 'belgian chocolates', 0, 0, 0, 0, 1, 1, 0);
INSERT INTO images (filename, hidden, configId, recentFirst, recentLast, recentTitle, "left", top, "right", bottom, brightness, contrast, rotation) VALUES ('IMG_4891_1.JPG', 0, 2, NULL, NULL, NULL, 0, 0, 0, 0, 1, 1, 0);
INSERT INTO images (filename, hidden, configId, recentFirst, recentLast, recentTitle, "left", top, "right", bottom, brightness, contrast, rotation) VALUES ('IMG_4892_1.JPG', 0, 2, 'Kesia', 'Dubberley', 'belgian chocolates', 0, 0, 0, 0, 1, 1, 0);
INSERT INTO images (filename, hidden, configId, recentFirst, recentLast, recentTitle, "left", top, "right", bottom, brightness, contrast, rotation) VALUES ('IMG_4893_1.JPG', 0, 2, 'Sam', 'Cairns', 'greek salad', 0, 0, 0, 0, 1, 1, 0);
INSERT INTO images (filename, hidden, configId, recentFirst, recentLast, recentTitle, "left", top, "right", bottom, brightness, contrast, rotation) VALUES ('IMG_4894_1.JPG', 0, 2, 'Anna', 'Cairns', 'greek salad', 0, 0, 0, 0, 1, 1, 0);
INSERT INTO images (filename, hidden, configId, recentFirst, recentLast, recentTitle, "left", top, "right", bottom, brightness, contrast, rotation) VALUES ('IMG_4895_1.JPG', 0, 2, 'Matthew', 'Ekoru', 'german sausage', 0, 0, 0, 0, 1, 1, 0);
INSERT INTO images (filename, hidden, configId, recentFirst, recentLast, recentTitle, "left", top, "right", bottom, brightness, contrast, rotation) VALUES ('IMG_4896_1.JPG', 0, 2, 'Dillon', 'Monk', 'aussie bbq', 0, 0, 0, 0, 1, 1, 0);
INSERT INTO images (filename, hidden, configId, recentFirst, recentLast, recentTitle, "left", top, "right", bottom, brightness, contrast, rotation) VALUES ('IMG_4897_1.JPG', 0, 2, 'Lloyd', 'Monk', 'aussie bbq', 0, 0, 0, 0, 1, 1, 0);
INSERT INTO images (filename, hidden, configId, recentFirst, recentLast, recentTitle, "left", top, "right", bottom, brightness, contrast, rotation) VALUES ('BradleyMcMahon.jpg', 0, 2, NULL, NULL, NULL, 0, 0, 0, 0, 1, 1, 0);
INSERT INTO images (filename, hidden, configId, recentFirst, recentLast, recentTitle, "left", top, "right", bottom, brightness, contrast, rotation) VALUES ('BETA4883.jpg', 0, 2, NULL, NULL, NULL, 0, 0, 0, 0, 1, 1, 0);
INSERT INTO images (filename, hidden, configId, recentFirst, recentLast, recentTitle, "left", top, "right", bottom, brightness, contrast, rotation) VALUES ('BETA4885.jpg', 0, 2, NULL, NULL, NULL, 0, 0, 0, 0, 1, 1, 0);

COMMIT TRANSACTION;
PRAGMA foreign_keys = on;
